State 27 conflicts: 1 shift/reduce
State 344 conflicts: 1 shift/reduce
State 466 conflicts: 1 shift/reduce


Grammar

    0 $accept: translation_unit $end

    1 primary_expression: IDENTIFIER
    2                   | constant
    3                   | string
    4                   | '(' expression ')'
    5                   | generic_selection
    6                   | f_string_expression

    7 f_string_expression: FSTRING_START f_string_body FSTRING_END

    8 f_string_body: ε
    9              | f_string_body STRING_LITERAL_PART
   10              | f_string_body interpolation_block

   11 interpolation_block: INTERPOLATION_START expression INTERPOLATION_END

   12 constant: I_CONSTANT
   13         | F_CONSTANT
   14         | ENUMERATION_CONSTANT

   15 enumeration_constant: IDENTIFIER

   16 string: STRING_LITERAL
   17       | FUNC_NAME

   18 generic_selection: GENERIC '(' assignment_expression ',' generic_assoc_list ')'

   19 generic_assoc_list: generic_association
   20                   | generic_assoc_list ',' generic_association

   21 generic_association: type_name ':' assignment_expression
   22                    | DEFAULT ':' assignment_expression

   23 postfix_expression: primary_expression
   24                   | postfix_expression '[' expression ']'
   25                   | postfix_expression '(' ')'
   26                   | postfix_expression '(' argument_expression_list ')'
   27                   | postfix_expression '.' IDENTIFIER
   28                   | postfix_expression PTR_OP IDENTIFIER
   29                   | postfix_expression INC_OP
   30                   | postfix_expression DEC_OP
   31                   | '(' type_name ')' '{' initializer_list '}'
   32                   | '(' type_name ')' '{' initializer_list ',' '}'

   33 argument_expression_list: assignment_expression
   34                         | argument_expression_list ',' assignment_expression

   35 unary_expression: postfix_expression
   36                 | INC_OP unary_expression
   37                 | DEC_OP unary_expression
   38                 | unary_operator cast_expression
   39                 | SIZEOF unary_expression
   40                 | SIZEOF '(' type_name ')'
   41                 | ALIGNOF '(' type_name ')'

   42 unary_operator: '&'
   43               | '*'
   44               | '+'
   45               | '-'
   46               | '~'
   47               | '!'

   48 cast_expression: unary_expression
   49                | '(' type_name ')' cast_expression

   50 multiplicative_expression: cast_expression
   51                          | multiplicative_expression '*' cast_expression
   52                          | multiplicative_expression '/' cast_expression
   53                          | multiplicative_expression '%' cast_expression

   54 additive_expression: multiplicative_expression
   55                    | additive_expression '+' multiplicative_expression
   56                    | additive_expression '-' multiplicative_expression

   57 shift_expression: additive_expression
   58                 | shift_expression LEFT_OP additive_expression
   59                 | shift_expression RIGHT_OP additive_expression

   60 concatenation_expression: shift_expression
   61                         | concatenation_expression '@' shift_expression

   62 relational_expression: concatenation_expression
   63                      | relational_expression '<' concatenation_expression
   64                      | relational_expression '>' concatenation_expression
   65                      | relational_expression LE_OP concatenation_expression
   66                      | relational_expression GE_OP concatenation_expression
   67                      | relational_expression TH_OP concatenation_expression

   68 equality_expression: relational_expression
   69                    | equality_expression EQ_OP relational_expression
   70                    | equality_expression NE_OP relational_expression

   71 and_expression: equality_expression
   72               | and_expression '&' equality_expression

   73 exclusive_or_expression: and_expression
   74                        | exclusive_or_expression '^' and_expression

   75 inclusive_or_expression: exclusive_or_expression
   76                        | inclusive_or_expression '|' exclusive_or_expression

   77 logical_and_expression: inclusive_or_expression
   78                       | logical_and_expression AND_OP inclusive_or_expression

   79 logical_or_expression: logical_and_expression
   80                      | logical_or_expression OR_OP logical_and_expression

   81 conditional_expression: logical_or_expression

   82 assignment_expression: conditional_expression
   83                      | unary_expression assignment_operator assignment_expression

   84 assignment_operator: '='
   85                    | MUL_ASSIGN
   86                    | DIV_ASSIGN
   87                    | MOD_ASSIGN
   88                    | ADD_ASSIGN
   89                    | SUB_ASSIGN
   90                    | LEFT_ASSIGN
   91                    | RIGHT_ASSIGN
   92                    | AND_ASSIGN
   93                    | XOR_ASSIGN
   94                    | OR_ASSIGN

   95 expression: assignment_expression
   96           | expression ',' assignment_expression

   97 constant_expression: conditional_expression

   98 declaration: declaration_specifiers ';'
   99            | declaration_specifiers init_declarator_list ';'
  100            | static_assert_declaration

  101 declaration_specifiers: storage_class_specifier declaration_specifiers
  102                       | storage_class_specifier
  103                       | type_specifier declaration_specifiers
  104                       | type_specifier
  105                       | type_qualifier declaration_specifiers
  106                       | type_qualifier
  107                       | function_specifier declaration_specifiers
  108                       | function_specifier
  109                       | alignment_specifier declaration_specifiers
  110                       | alignment_specifier

  111 init_declarator_list: init_declarator
  112                     | init_declarator_list ',' init_declarator

  113 init_declarator: declarator '=' initializer
  114                | declarator

  115 storage_class_specifier: TYPEDEF
  116                        | EXTERN
  117                        | STATIC
  118                        | THREAD_LOCAL
  119                        | AUTO
  120                        | REGISTER

  121 type_specifier: VOID
  122               | CHAR
  123               | SHORT
  124               | INT
  125               | LONG
  126               | FLOAT
  127               | DOUBLE
  128               | SIGNED
  129               | UNSIGNED
  130               | BOOL
  131               | COMPLEX
  132               | IMAGINARY
  133               | atomic_type_specifier
  134               | struct_or_union_specifier
  135               | enum_specifier
  136               | TYPEDEF_NAME

  137 struct_or_union_specifier: struct_or_union '{' struct_declaration_list '}'
  138                          | struct_or_union IDENTIFIER '{' struct_declaration_list '}'
  139                          | struct_or_union IDENTIFIER

  140 struct_or_union: STRUCT
  141                | UNION

  142 struct_declaration_list: struct_declaration
  143                        | struct_declaration_list struct_declaration

  144 struct_declaration: specifier_qualifier_list ';'
  145                   | specifier_qualifier_list struct_declarator_list ';'
  146                   | static_assert_declaration

  147 specifier_qualifier_list: type_specifier specifier_qualifier_list
  148                         | type_specifier
  149                         | type_qualifier specifier_qualifier_list
  150                         | type_qualifier

  151 struct_declarator_list: struct_declarator
  152                       | struct_declarator_list ',' struct_declarator

  153 struct_declarator: ':' constant_expression
  154                  | declarator ':' constant_expression
  155                  | declarator

  156 enum_specifier: ENUM '{' enumerator_list '}'
  157               | ENUM '{' enumerator_list ',' '}'
  158               | ENUM IDENTIFIER '{' enumerator_list '}'
  159               | ENUM IDENTIFIER '{' enumerator_list ',' '}'
  160               | ENUM IDENTIFIER

  161 enumerator_list: enumerator
  162                | enumerator_list ',' enumerator

  163 enumerator: enumeration_constant '=' constant_expression
  164           | enumeration_constant

  165 atomic_type_specifier: ATOMIC '(' type_name ')'

  166 type_qualifier: CONST
  167               | RESTRICT
  168               | VOLATILE
  169               | ATOMIC

  170 function_specifier: INLINE
  171                   | NORETURN

  172 alignment_specifier: ALIGNAS '(' type_name ')'
  173                    | ALIGNAS '(' constant_expression ')'

  174 $@1: ε

  175 declarator: pointer $@1 direct_declarator
  176           | direct_declarator

  177 direct_declarator: IDENTIFIER
  178                  | '(' declarator ')'
  179                  | direct_declarator '[' ']'
  180                  | direct_declarator '[' '*' ']'
  181                  | direct_declarator '[' STATIC type_qualifier_list assignment_expression ']'
  182                  | direct_declarator '[' STATIC assignment_expression ']'
  183                  | direct_declarator '[' type_qualifier_list '*' ']'
  184                  | direct_declarator '[' type_qualifier_list STATIC assignment_expression ']'
  185                  | direct_declarator '[' type_qualifier_list assignment_expression ']'
  186                  | direct_declarator '[' type_qualifier_list ']'
  187                  | direct_declarator '[' assignment_expression ']'
  188                  | direct_declarator '(' parameter_type_list ')'
  189                  | direct_declarator '(' ')'
  190                  | direct_declarator '(' identifier_list ')'

  191 pointer: '*' type_qualifier_list pointer
  192        | '*' type_qualifier_list
  193        | '*' pointer
  194        | '*'

  195 type_qualifier_list: type_qualifier
  196                    | type_qualifier_list type_qualifier

  197 parameter_type_list: parameter_list ',' ELLIPSIS
  198                    | parameter_list

  199 parameter_list: parameter_declaration
  200               | parameter_list ',' parameter_declaration

  201 parameter_declaration: declaration_specifiers declarator
  202                      | declaration_specifiers abstract_declarator
  203                      | declaration_specifiers

  204 identifier_list: IDENTIFIER
  205                | identifier_list ',' IDENTIFIER

  206 type_name: specifier_qualifier_list abstract_declarator
  207          | specifier_qualifier_list

  208 abstract_declarator: pointer direct_abstract_declarator
  209                    | pointer
  210                    | direct_abstract_declarator

  211 direct_abstract_declarator: '(' abstract_declarator ')'
  212                           | '[' ']'
  213                           | '[' '*' ']'
  214                           | '[' STATIC type_qualifier_list assignment_expression ']'
  215                           | '[' STATIC assignment_expression ']'
  216                           | '[' type_qualifier_list STATIC assignment_expression ']'
  217                           | '[' type_qualifier_list assignment_expression ']'
  218                           | '[' type_qualifier_list ']'
  219                           | '[' assignment_expression ']'
  220                           | direct_abstract_declarator '[' ']'
  221                           | direct_abstract_declarator '[' '*' ']'
  222                           | direct_abstract_declarator '[' STATIC type_qualifier_list assignment_expression ']'
  223                           | direct_abstract_declarator '[' STATIC assignment_expression ']'
  224                           | direct_abstract_declarator '[' type_qualifier_list assignment_expression ']'
  225                           | direct_abstract_declarator '[' type_qualifier_list STATIC assignment_expression ']'
  226                           | direct_abstract_declarator '[' type_qualifier_list ']'
  227                           | direct_abstract_declarator '[' assignment_expression ']'
  228                           | '(' ')'
  229                           | '(' parameter_type_list ')'
  230                           | direct_abstract_declarator '(' ')'
  231                           | direct_abstract_declarator '(' parameter_type_list ')'

  232 initializer: '{' initializer_list '}'
  233            | '{' initializer_list ',' '}'
  234            | assignment_expression

  235 initializer_list: designation initializer
  236                 | initializer
  237                 | initializer_list ',' designation initializer
  238                 | initializer_list ',' initializer

  239 designation: designator_list '='

  240 designator_list: designator
  241                | designator_list designator

  242 designator: '[' constant_expression ']'
  243           | '.' IDENTIFIER

  244 static_assert_declaration: STATIC_ASSERT '(' constant_expression ',' STRING_LITERAL ')' ';'

  245 statement: labeled_statement
  246          | compound_statement
  247          | expression_statement
  248          | selection_statement
  249          | iteration_statement
  250          | jump_statement

  251 labeled_statement: IDENTIFIER ':' statement
  252                  | CASE constant_expression ':' statement
  253                  | DEFAULT ':' statement

  254 compound_statement: '{' '}'
  255                   | '{' block_item_list '}'

  256 block_item_list: block_item
  257                | block_item_list block_item

  258 block_item: declaration
  259           | statement

  260 expression_statement: ';'
  261                     | expression ';'

  262 $@2: ε

  263 selection_statement: IF '(' expression ')' statement ELSE $@2 statement
  264                    | IF '(' expression ')' statement
  265                    | SWITCH '(' expression ')' statement

  266 iteration_statement: WHILE '(' expression ')' statement
  267                    | DO statement WHILE '(' expression ')' ';'
  268                    | FOR '(' expression_statement expression_statement ')' statement
  269                    | FOR '(' expression_statement expression_statement expression ')' statement
  270                    | FOR '(' declaration expression_statement ')' statement
  271                    | FOR '(' declaration expression_statement expression ')' statement

  272 jump_statement: GOTO IDENTIFIER ';'
  273               | CONTINUE ';'
  274               | BREAK ';'
  275               | RETURN ';'
  276               | RETURN expression ';'

  277 translation_unit: external_declaration
  278                 | translation_unit external_declaration

  279 external_declaration: function_definition
  280                     | declaration

  281 function_definition: declaration_specifiers declarator declaration_list compound_statement
  282                    | declaration_specifiers declarator compound_statement

  283 declaration_list: declaration
  284                 | declaration_list declaration


Terminals, with rules where they appear

    $end (0) 0
    '!' (33) 47
    '%' (37) 53
    '&' (38) 42 72
    '(' (40) 4 18 25 26 31 32 40 41 49 165 172 173 178 188 189 190 211 228 229 230 231 244 263 264 265 266 267 268 269 270 271
    ')' (41) 4 18 25 26 31 32 40 41 49 165 172 173 178 188 189 190 211 228 229 230 231 244 263 264 265 266 267 268 269 270 271
    '*' (42) 43 51 180 183 191 192 193 194 213 221
    '+' (43) 44 55
    ',' (44) 18 20 32 34 96 112 152 157 159 162 197 200 205 233 237 238 244
    '-' (45) 45 56
    '.' (46) 27 243
    '/' (47) 52
    ':' (58) 21 22 153 154 251 252 253
    ';' (59) 98 99 144 145 244 260 261 267 272 273 274 275 276
    '<' (60) 63
    '=' (61) 84 113 163 239
    '>' (62) 64
    '@' (64) 61
    '[' (91) 24 179 180 181 182 183 184 185 186 187 212 213 214 215 216 217 218 219 220 221 222 223 224 225 226 227 242
    ']' (93) 24 179 180 181 182 183 184 185 186 187 212 213 214 215 216 217 218 219 220 221 222 223 224 225 226 227 242
    '^' (94) 74
    '{' (123) 31 32 137 138 156 157 158 159 232 233 254 255
    '|' (124) 76
    '}' (125) 31 32 137 138 156 157 158 159 232 233 254 255
    '~' (126) 46
    error (256)
    IDENTIFIER (258) 1 15 27 28 138 139 158 159 160 177 204 205 243 251 272
    I_CONSTANT (259) 12
    F_CONSTANT (260) 13
    STRING_LITERAL (261) 16 244
    FUNC_NAME (262) 17
    SIZEOF (263) 39 40
    PTR_OP (264) 28
    INC_OP (265) 29 36
    DEC_OP (266) 30 37
    LEFT_OP (267) 58
    RIGHT_OP (268) 59
    LE_OP (269) 65
    GE_OP (270) 66
    EQ_OP (271) 69
    NE_OP (272) 70
    TH_OP (273) 67
    AND_OP (274) 78
    OR_OP (275) 80
    MUL_ASSIGN (276) 85
    DIV_ASSIGN (277) 86
    MOD_ASSIGN (278) 87
    ADD_ASSIGN (279) 88
    SUB_ASSIGN (280) 89
    LEFT_ASSIGN (281) 90
    RIGHT_ASSIGN (282) 91
    AND_ASSIGN (283) 92
    XOR_ASSIGN (284) 93
    OR_ASSIGN (285) 94
    TYPEDEF_NAME (286) 136
    ENUMERATION_CONSTANT (287) 14
    TYPEDEF (288) 115
    EXTERN (289) 116
    STATIC (290) 117 181 182 184 214 215 216 222 223 225
    AUTO (291) 119
    REGISTER (292) 120
    INLINE (293) 170
    CONST (294) 166
    RESTRICT (295) 167
    VOLATILE (296) 168
    BOOL (297) 130
    CHAR (298) 122
    SHORT (299) 123
    INT (300) 124
    LONG (301) 125
    SIGNED (302) 128
    UNSIGNED (303) 129
    FLOAT (304) 126
    DOUBLE (305) 127
    VOID (306) 121
    COMPLEX (307) 131
    IMAGINARY (308) 132
    STRUCT (309) 140
    UNION (310) 141
    ENUM (311) 156 157 158 159 160
    ELLIPSIS (312) 197
    CASE (313) 252
    DEFAULT (314) 22 253
    IF <val> (315) 263 264
    ELSE <val> (316) 263
    SWITCH (317) 265
    WHILE (318) 266 267
    DO (319) 267
    FOR (320) 268 269 270 271
    GOTO (321) 272
    CONTINUE (322) 273
    BREAK (323) 274
    RETURN (324) 275 276
    ALIGNAS (325) 172 173
    ALIGNOF (326) 41
    ATOMIC (327) 165 169
    GENERIC (328) 18
    NORETURN (329) 171
    STATIC_ASSERT (330) 244
    THREAD_LOCAL (331) 118
    FSTRING_START (332) 7
    FSTRING_END (333) 7
    INTERPOLATION_START (334) 11
    INTERPOLATION_END (335) 11
    STRING_LITERAL_PART (336) 9


Nonterminals, with rules where they appear

    $accept (106)
        on left: 0
    primary_expression (107)
        on left: 1 2 3 4 5 6
        on right: 23
    f_string_expression (108)
        on left: 7
        on right: 6
    f_string_body (109)
        on left: 8 9 10
        on right: 7 9 10
    interpolation_block (110)
        on left: 11
        on right: 10
    constant (111)
        on left: 12 13 14
        on right: 2
    enumeration_constant (112)
        on left: 15
        on right: 163 164
    string (113)
        on left: 16 17
        on right: 3
    generic_selection (114)
        on left: 18
        on right: 5
    generic_assoc_list (115)
        on left: 19 20
        on right: 18 20
    generic_association (116)
        on left: 21 22
        on right: 19 20
    postfix_expression (117)
        on left: 23 24 25 26 27 28 29 30 31 32
        on right: 24 25 26 27 28 29 30 35
    argument_expression_list (118)
        on left: 33 34
        on right: 26 34
    unary_expression (119)
        on left: 35 36 37 38 39 40 41
        on right: 36 37 39 48 83
    unary_operator (120)
        on left: 42 43 44 45 46 47
        on right: 38
    cast_expression (121)
        on left: 48 49
        on right: 38 49 50 51 52 53
    multiplicative_expression (122)
        on left: 50 51 52 53
        on right: 51 52 53 54 55 56
    additive_expression (123)
        on left: 54 55 56
        on right: 55 56 57 58 59
    shift_expression (124)
        on left: 57 58 59
        on right: 58 59 60 61
    concatenation_expression (125)
        on left: 60 61
        on right: 61 62 63 64 65 66 67
    relational_expression (126)
        on left: 62 63 64 65 66 67
        on right: 63 64 65 66 67 68 69 70
    equality_expression (127)
        on left: 68 69 70
        on right: 69 70 71 72
    and_expression (128)
        on left: 71 72
        on right: 72 73 74
    exclusive_or_expression (129)
        on left: 73 74
        on right: 74 75 76
    inclusive_or_expression (130)
        on left: 75 76
        on right: 76 77 78
    logical_and_expression (131)
        on left: 77 78
        on right: 78 79 80
    logical_or_expression (132)
        on left: 79 80
        on right: 80 81
    conditional_expression (133)
        on left: 81
        on right: 82 97
    assignment_expression (134)
        on left: 82 83
        on right: 18 21 22 33 34 83 95 96 181 182 184 185 187 214 215 216 217 219 222 223 224 225 227 234
    assignment_operator (135)
        on left: 84 85 86 87 88 89 90 91 92 93 94
        on right: 83
    expression (136)
        on left: 95 96
        on right: 4 11 24 96 261 263 264 265 266 267 269 271 276
    constant_expression (137)
        on left: 97
        on right: 153 154 163 173 242 244 252
    declaration (138)
        on left: 98 99 100
        on right: 258 270 271 280 283 284
    declaration_specifiers (139)
        on left: 101 102 103 104 105 106 107 108 109 110
        on right: 98 99 101 103 105 107 109 201 202 203 281 282
    init_declarator_list (140)
        on left: 111 112
        on right: 99 112
    init_declarator (141)
        on left: 113 114
        on right: 111 112
    storage_class_specifier (142)
        on left: 115 116 117 118 119 120
        on right: 101 102
    type_specifier (143)
        on left: 121 122 123 124 125 126 127 128 129 130 131 132 133 134 135 136
        on right: 103 104 147 148
    struct_or_union_specifier (144)
        on left: 137 138 139
        on right: 134
    struct_or_union (145)
        on left: 140 141
        on right: 137 138 139
    struct_declaration_list (146)
        on left: 142 143
        on right: 137 138 143
    struct_declaration (147)
        on left: 144 145 146
        on right: 142 143
    specifier_qualifier_list (148)
        on left: 147 148 149 150
        on right: 144 145 147 149 206 207
    struct_declarator_list (149)
        on left: 151 152
        on right: 145 152
    struct_declarator (150)
        on left: 153 154 155
        on right: 151 152
    enum_specifier (151)
        on left: 156 157 158 159 160
        on right: 135
    enumerator_list (152)
        on left: 161 162
        on right: 156 157 158 159 162
    enumerator (153)
        on left: 163 164
        on right: 161 162
    atomic_type_specifier (154)
        on left: 165
        on right: 133
    type_qualifier (155)
        on left: 166 167 168 169
        on right: 105 106 149 150 195 196
    function_specifier (156)
        on left: 170 171
        on right: 107 108
    alignment_specifier (157)
        on left: 172 173
        on right: 109 110
    declarator (158)
        on left: 175 176
        on right: 113 114 154 155 178 201 281 282
    $@1 (159)
        on left: 174
        on right: 175
    direct_declarator (160)
        on left: 177 178 179 180 181 182 183 184 185 186 187 188 189 190
        on right: 175 176 179 180 181 182 183 184 185 186 187 188 189 190
    pointer (161)
        on left: 191 192 193 194
        on right: 175 191 193 208 209
    type_qualifier_list (162)
        on left: 195 196
        on right: 181 183 184 185 186 191 192 196 214 216 217 218 222 224 225 226
    parameter_type_list (163)
        on left: 197 198
        on right: 188 229 231
    parameter_list (164)
        on left: 199 200
        on right: 197 198 200
    parameter_declaration (165)
        on left: 201 202 203
        on right: 199 200
    identifier_list (166)
        on left: 204 205
        on right: 190 205
    type_name (167)
        on left: 206 207
        on right: 21 31 32 40 41 49 165 172
    abstract_declarator (168)
        on left: 208 209 210
        on right: 202 206 211
    direct_abstract_declarator (169)
        on left: 211 212 213 214 215 216 217 218 219 220 221 222 223 224 225 226 227 228 229 230 231
        on right: 208 210 220 221 222 223 224 225 226 227 230 231
    initializer (170)
        on left: 232 233 234
        on right: 113 235 236 237 238
    initializer_list (171)
        on left: 235 236 237 238
        on right: 31 32 232 233 237 238
    designation (172)
        on left: 239
        on right: 235 237
    designator_list (173)
        on left: 240 241
        on right: 239 241
    designator (174)
        on left: 242 243
        on right: 240 241
    static_assert_declaration (175)
        on left: 244
        on right: 100 146
    statement (176)
        on left: 245 246 247 248 249 250
        on right: 251 252 253 259 263 264 265 266 267 268 269 270 271
    labeled_statement (177)
        on left: 251 252 253
        on right: 245
    compound_statement (178)
        on left: 254 255
        on right: 246 281 282
    block_item_list (179)
        on left: 256 257
        on right: 255 257
    block_item (180)
        on left: 258 259
        on right: 256 257
    expression_statement (181)
        on left: 260 261
        on right: 247 268 269 270 271
    selection_statement (182)
        on left: 263 264 265
        on right: 248
    $@2 (183)
        on left: 262
        on right: 263
    iteration_statement (184)
        on left: 266 267 268 269 270 271
        on right: 249
    jump_statement (185)
        on left: 272 273 274 275 276
        on right: 250
    translation_unit (186)
        on left: 277 278
        on right: 0 278
    external_declaration (187)
        on left: 279 280
        on right: 277 278
    function_definition (188)
        on left: 281 282
        on right: 279
    declaration_list (189)
        on left: 283 284
        on right: 281 284


State 0

    0 $accept: • translation_unit $end

    TYPEDEF_NAME   shift, and go to state 1
    TYPEDEF        shift, and go to state 2
    EXTERN         shift, and go to state 3
    STATIC         shift, and go to state 4
    AUTO           shift, and go to state 5
    REGISTER       shift, and go to state 6
    INLINE         shift, and go to state 7
    CONST          shift, and go to state 8
    RESTRICT       shift, and go to state 9
    VOLATILE       shift, and go to state 10
    BOOL           shift, and go to state 11
    CHAR           shift, and go to state 12
    SHORT          shift, and go to state 13
    INT            shift, and go to state 14
    LONG           shift, and go to state 15
    SIGNED         shift, and go to state 16
    UNSIGNED       shift, and go to state 17
    FLOAT          shift, and go to state 18
    DOUBLE         shift, and go to state 19
    VOID           shift, and go to state 20
    COMPLEX        shift, and go to state 21
    IMAGINARY      shift, and go to state 22
    STRUCT         shift, and go to state 23
    UNION          shift, and go to state 24
    ENUM           shift, and go to state 25
    ALIGNAS        shift, and go to state 26
    ATOMIC         shift, and go to state 27
    NORETURN       shift, and go to state 28
    STATIC_ASSERT  shift, and go to state 29
    THREAD_LOCAL   shift, and go to state 30

    declaration                go to state 31
    declaration_specifiers     go to state 32
    storage_class_specifier    go to state 33
    type_specifier             go to state 34
    struct_or_union_specifier  go to state 35
    struct_or_union            go to state 36
    enum_specifier             go to state 37
    atomic_type_specifier      go to state 38
    type_qualifier             go to state 39
    function_specifier         go to state 40
    alignment_specifier        go to state 41
    static_assert_declaration  go to state 42
    translation_unit           go to state 43
    external_declaration       go to state 44
    function_definition        go to state 45


State 1

  136 type_specifier: TYPEDEF_NAME •

    $default  reduce using rule 136 (type_specifier)


State 2

  115 storage_class_specifier: TYPEDEF •

    $default  reduce using rule 115 (storage_class_specifier)


State 3

  116 storage_class_specifier: EXTERN •

    $default  reduce using rule 116 (storage_class_specifier)


State 4

  117 storage_class_specifier: STATIC •

    $default  reduce using rule 117 (storage_class_specifier)


State 5

  119 storage_class_specifier: AUTO •

    $default  reduce using rule 119 (storage_class_specifier)


State 6

  120 storage_class_specifier: REGISTER •

    $default  reduce using rule 120 (storage_class_specifier)


State 7

  170 function_specifier: INLINE •

    $default  reduce using rule 170 (function_specifier)


State 8

  166 type_qualifier: CONST •

    $default  reduce using rule 166 (type_qualifier)


State 9

  167 type_qualifier: RESTRICT •

    $default  reduce using rule 167 (type_qualifier)


State 10

  168 type_qualifier: VOLATILE •

    $default  reduce using rule 168 (type_qualifier)


State 11

  130 type_specifier: BOOL •

    $default  reduce using rule 130 (type_specifier)


State 12

  122 type_specifier: CHAR •

    $default  reduce using rule 122 (type_specifier)


State 13

  123 type_specifier: SHORT •

    $default  reduce using rule 123 (type_specifier)


State 14

  124 type_specifier: INT •

    $default  reduce using rule 124 (type_specifier)


State 15

  125 type_specifier: LONG •

    $default  reduce using rule 125 (type_specifier)


State 16

  128 type_specifier: SIGNED •

    $default  reduce using rule 128 (type_specifier)


State 17

  129 type_specifier: UNSIGNED •

    $default  reduce using rule 129 (type_specifier)


State 18

  126 type_specifier: FLOAT •

    $default  reduce using rule 126 (type_specifier)


State 19

  127 type_specifier: DOUBLE •

    $default  reduce using rule 127 (type_specifier)


State 20

  121 type_specifier: VOID •

    $default  reduce using rule 121 (type_specifier)


State 21

  131 type_specifier: COMPLEX •

    $default  reduce using rule 131 (type_specifier)


State 22

  132 type_specifier: IMAGINARY •

    $default  reduce using rule 132 (type_specifier)


State 23

  140 struct_or_union: STRUCT •

    $default  reduce using rule 140 (struct_or_union)


State 24

  141 struct_or_union: UNION •

    $default  reduce using rule 141 (struct_or_union)


State 25

  156 enum_specifier: ENUM • '{' enumerator_list '}'
  157               | ENUM • '{' enumerator_list ',' '}'
  158               | ENUM • IDENTIFIER '{' enumerator_list '}'
  159               | ENUM • IDENTIFIER '{' enumerator_list ',' '}'
  160               | ENUM • IDENTIFIER

    IDENTIFIER  shift, and go to state 46
    '{'         shift, and go to state 47


State 26

  172 alignment_specifier: ALIGNAS • '(' type_name ')'
  173                    | ALIGNAS • '(' constant_expression ')'

    '('  shift, and go to state 48


State 27

  165 atomic_type_specifier: ATOMIC • '(' type_name ')'
  169 type_qualifier: ATOMIC •

    '('  shift, and go to state 49

    '('       [reduce using rule 169 (type_qualifier)]
    $default  reduce using rule 169 (type_qualifier)


State 28

  171 function_specifier: NORETURN •

    $default  reduce using rule 171 (function_specifier)


State 29

  244 static_assert_declaration: STATIC_ASSERT • '(' constant_expression ',' STRING_LITERAL ')' ';'

    '('  shift, and go to state 50


State 30

  118 storage_class_specifier: THREAD_LOCAL •

    $default  reduce using rule 118 (storage_class_specifier)


State 31

  280 external_declaration: declaration •

    $default  reduce using rule 280 (external_declaration)


State 32

   98 declaration: declaration_specifiers • ';'
   99            | declaration_specifiers • init_declarator_list ';'
  281 function_definition: declaration_specifiers • declarator declaration_list compound_statement
  282                    | declaration_specifiers • declarator compound_statement

    IDENTIFIER  shift, and go to state 51
    '('         shift, and go to state 52
    '*'         shift, and go to state 53
    ';'         shift, and go to state 54

    init_declarator_list  go to state 55
    init_declarator       go to state 56
    declarator            go to state 57
    direct_declarator     go to state 58
    pointer               go to state 59


State 33

  101 declaration_specifiers: storage_class_specifier • declaration_specifiers
  102                       | storage_class_specifier •

    TYPEDEF_NAME  shift, and go to state 1
    TYPEDEF       shift, and go to state 2
    EXTERN        shift, and go to state 3
    STATIC        shift, and go to state 4
    AUTO          shift, and go to state 5
    REGISTER      shift, and go to state 6
    INLINE        shift, and go to state 7
    CONST         shift, and go to state 8
    RESTRICT      shift, and go to state 9
    VOLATILE      shift, and go to state 10
    BOOL          shift, and go to state 11
    CHAR          shift, and go to state 12
    SHORT         shift, and go to state 13
    INT           shift, and go to state 14
    LONG          shift, and go to state 15
    SIGNED        shift, and go to state 16
    UNSIGNED      shift, and go to state 17
    FLOAT         shift, and go to state 18
    DOUBLE        shift, and go to state 19
    VOID          shift, and go to state 20
    COMPLEX       shift, and go to state 21
    IMAGINARY     shift, and go to state 22
    STRUCT        shift, and go to state 23
    UNION         shift, and go to state 24
    ENUM          shift, and go to state 25
    ALIGNAS       shift, and go to state 26
    ATOMIC        shift, and go to state 27
    NORETURN      shift, and go to state 28
    THREAD_LOCAL  shift, and go to state 30

    $default  reduce using rule 102 (declaration_specifiers)

    declaration_specifiers     go to state 60
    storage_class_specifier    go to state 33
    type_specifier             go to state 34
    struct_or_union_specifier  go to state 35
    struct_or_union            go to state 36
    enum_specifier             go to state 37
    atomic_type_specifier      go to state 38
    type_qualifier             go to state 39
    function_specifier         go to state 40
    alignment_specifier        go to state 41


State 34

  103 declaration_specifiers: type_specifier • declaration_specifiers
  104                       | type_specifier •

    TYPEDEF_NAME  shift, and go to state 1
    TYPEDEF       shift, and go to state 2
    EXTERN        shift, and go to state 3
    STATIC        shift, and go to state 4
    AUTO          shift, and go to state 5
    REGISTER      shift, and go to state 6
    INLINE        shift, and go to state 7
    CONST         shift, and go to state 8
    RESTRICT      shift, and go to state 9
    VOLATILE      shift, and go to state 10
    BOOL          shift, and go to state 11
    CHAR          shift, and go to state 12
    SHORT         shift, and go to state 13
    INT           shift, and go to state 14
    LONG          shift, and go to state 15
    SIGNED        shift, and go to state 16
    UNSIGNED      shift, and go to state 17
    FLOAT         shift, and go to state 18
    DOUBLE        shift, and go to state 19
    VOID          shift, and go to state 20
    COMPLEX       shift, and go to state 21
    IMAGINARY     shift, and go to state 22
    STRUCT        shift, and go to state 23
    UNION         shift, and go to state 24
    ENUM          shift, and go to state 25
    ALIGNAS       shift, and go to state 26
    ATOMIC        shift, and go to state 27
    NORETURN      shift, and go to state 28
    THREAD_LOCAL  shift, and go to state 30

    $default  reduce using rule 104 (declaration_specifiers)

    declaration_specifiers     go to state 61
    storage_class_specifier    go to state 33
    type_specifier             go to state 34
    struct_or_union_specifier  go to state 35
    struct_or_union            go to state 36
    enum_specifier             go to state 37
    atomic_type_specifier      go to state 38
    type_qualifier             go to state 39
    function_specifier         go to state 40
    alignment_specifier        go to state 41


State 35

  134 type_specifier: struct_or_union_specifier •

    $default  reduce using rule 134 (type_specifier)


State 36

  137 struct_or_union_specifier: struct_or_union • '{' struct_declaration_list '}'
  138                          | struct_or_union • IDENTIFIER '{' struct_declaration_list '}'
  139                          | struct_or_union • IDENTIFIER

    IDENTIFIER  shift, and go to state 62
    '{'         shift, and go to state 63


State 37

  135 type_specifier: enum_specifier •

    $default  reduce using rule 135 (type_specifier)


State 38

  133 type_specifier: atomic_type_specifier •

    $default  reduce using rule 133 (type_specifier)


State 39

  105 declaration_specifiers: type_qualifier • declaration_specifiers
  106                       | type_qualifier •

    TYPEDEF_NAME  shift, and go to state 1
    TYPEDEF       shift, and go to state 2
    EXTERN        shift, and go to state 3
    STATIC        shift, and go to state 4
    AUTO          shift, and go to state 5
    REGISTER      shift, and go to state 6
    INLINE        shift, and go to state 7
    CONST         shift, and go to state 8
    RESTRICT      shift, and go to state 9
    VOLATILE      shift, and go to state 10
    BOOL          shift, and go to state 11
    CHAR          shift, and go to state 12
    SHORT         shift, and go to state 13
    INT           shift, and go to state 14
    LONG          shift, and go to state 15
    SIGNED        shift, and go to state 16
    UNSIGNED      shift, and go to state 17
    FLOAT         shift, and go to state 18
    DOUBLE        shift, and go to state 19
    VOID          shift, and go to state 20
    COMPLEX       shift, and go to state 21
    IMAGINARY     shift, and go to state 22
    STRUCT        shift, and go to state 23
    UNION         shift, and go to state 24
    ENUM          shift, and go to state 25
    ALIGNAS       shift, and go to state 26
    ATOMIC        shift, and go to state 27
    NORETURN      shift, and go to state 28
    THREAD_LOCAL  shift, and go to state 30

    $default  reduce using rule 106 (declaration_specifiers)

    declaration_specifiers     go to state 64
    storage_class_specifier    go to state 33
    type_specifier             go to state 34
    struct_or_union_specifier  go to state 35
    struct_or_union            go to state 36
    enum_specifier             go to state 37
    atomic_type_specifier      go to state 38
    type_qualifier             go to state 39
    function_specifier         go to state 40
    alignment_specifier        go to state 41


State 40

  107 declaration_specifiers: function_specifier • declaration_specifiers
  108                       | function_specifier •

    TYPEDEF_NAME  shift, and go to state 1
    TYPEDEF       shift, and go to state 2
    EXTERN        shift, and go to state 3
    STATIC        shift, and go to state 4
    AUTO          shift, and go to state 5
    REGISTER      shift, and go to state 6
    INLINE        shift, and go to state 7
    CONST         shift, and go to state 8
    RESTRICT      shift, and go to state 9
    VOLATILE      shift, and go to state 10
    BOOL          shift, and go to state 11
    CHAR          shift, and go to state 12
    SHORT         shift, and go to state 13
    INT           shift, and go to state 14
    LONG          shift, and go to state 15
    SIGNED        shift, and go to state 16
    UNSIGNED      shift, and go to state 17
    FLOAT         shift, and go to state 18
    DOUBLE        shift, and go to state 19
    VOID          shift, and go to state 20
    COMPLEX       shift, and go to state 21
    IMAGINARY     shift, and go to state 22
    STRUCT        shift, and go to state 23
    UNION         shift, and go to state 24
    ENUM          shift, and go to state 25
    ALIGNAS       shift, and go to state 26
    ATOMIC        shift, and go to state 27
    NORETURN      shift, and go to state 28
    THREAD_LOCAL  shift, and go to state 30

    $default  reduce using rule 108 (declaration_specifiers)

    declaration_specifiers     go to state 65
    storage_class_specifier    go to state 33
    type_specifier             go to state 34
    struct_or_union_specifier  go to state 35
    struct_or_union            go to state 36
    enum_specifier             go to state 37
    atomic_type_specifier      go to state 38
    type_qualifier             go to state 39
    function_specifier         go to state 40
    alignment_specifier        go to state 41


State 41

  109 declaration_specifiers: alignment_specifier • declaration_specifiers
  110                       | alignment_specifier •

    TYPEDEF_NAME  shift, and go to state 1
    TYPEDEF       shift, and go to state 2
    EXTERN        shift, and go to state 3
    STATIC        shift, and go to state 4
    AUTO          shift, and go to state 5
    REGISTER      shift, and go to state 6
    INLINE        shift, and go to state 7
    CONST         shift, and go to state 8
    RESTRICT      shift, and go to state 9
    VOLATILE      shift, and go to state 10
    BOOL          shift, and go to state 11
    CHAR          shift, and go to state 12
    SHORT         shift, and go to state 13
    INT           shift, and go to state 14
    LONG          shift, and go to state 15
    SIGNED        shift, and go to state 16
    UNSIGNED      shift, and go to state 17
    FLOAT         shift, and go to state 18
    DOUBLE        shift, and go to state 19
    VOID          shift, and go to state 20
    COMPLEX       shift, and go to state 21
    IMAGINARY     shift, and go to state 22
    STRUCT        shift, and go to state 23
    UNION         shift, and go to state 24
    ENUM          shift, and go to state 25
    ALIGNAS       shift, and go to state 26
    ATOMIC        shift, and go to state 27
    NORETURN      shift, and go to state 28
    THREAD_LOCAL  shift, and go to state 30

    $default  reduce using rule 110 (declaration_specifiers)

    declaration_specifiers     go to state 66
    storage_class_specifier    go to state 33
    type_specifier             go to state 34
    struct_or_union_specifier  go to state 35
    struct_or_union            go to state 36
    enum_specifier             go to state 37
    atomic_type_specifier      go to state 38
    type_qualifier             go to state 39
    function_specifier         go to state 40
    alignment_specifier        go to state 41


State 42

  100 declaration: static_assert_declaration •

    $default  reduce using rule 100 (declaration)


State 43

    0 $accept: translation_unit • $end
  278 translation_unit: translation_unit • external_declaration

    $end           shift, and go to state 67
    TYPEDEF_NAME   shift, and go to state 1
    TYPEDEF        shift, and go to state 2
    EXTERN         shift, and go to state 3
    STATIC         shift, and go to state 4
    AUTO           shift, and go to state 5
    REGISTER       shift, and go to state 6
    INLINE         shift, and go to state 7
    CONST          shift, and go to state 8
    RESTRICT       shift, and go to state 9
    VOLATILE       shift, and go to state 10
    BOOL           shift, and go to state 11
    CHAR           shift, and go to state 12
    SHORT          shift, and go to state 13
    INT            shift, and go to state 14
    LONG           shift, and go to state 15
    SIGNED         shift, and go to state 16
    UNSIGNED       shift, and go to state 17
    FLOAT          shift, and go to state 18
    DOUBLE         shift, and go to state 19
    VOID           shift, and go to state 20
    COMPLEX        shift, and go to state 21
    IMAGINARY      shift, and go to state 22
    STRUCT         shift, and go to state 23
    UNION          shift, and go to state 24
    ENUM           shift, and go to state 25
    ALIGNAS        shift, and go to state 26
    ATOMIC         shift, and go to state 27
    NORETURN       shift, and go to state 28
    STATIC_ASSERT  shift, and go to state 29
    THREAD_LOCAL   shift, and go to state 30

    declaration                go to state 31
    declaration_specifiers     go to state 32
    storage_class_specifier    go to state 33
    type_specifier             go to state 34
    struct_or_union_specifier  go to state 35
    struct_or_union            go to state 36
    enum_specifier             go to state 37
    atomic_type_specifier      go to state 38
    type_qualifier             go to state 39
    function_specifier         go to state 40
    alignment_specifier        go to state 41
    static_assert_declaration  go to state 42
    external_declaration       go to state 68
    function_definition        go to state 45


State 44

  277 translation_unit: external_declaration •

    $default  reduce using rule 277 (translation_unit)


State 45

  279 external_declaration: function_definition •

    $default  reduce using rule 279 (external_declaration)


State 46

  158 enum_specifier: ENUM IDENTIFIER • '{' enumerator_list '}'
  159               | ENUM IDENTIFIER • '{' enumerator_list ',' '}'
  160               | ENUM IDENTIFIER •

    '{'  shift, and go to state 69

    $default  reduce using rule 160 (enum_specifier)


State 47

  156 enum_specifier: ENUM '{' • enumerator_list '}'
  157               | ENUM '{' • enumerator_list ',' '}'

    IDENTIFIER  shift, and go to state 70

    enumeration_constant  go to state 71
    enumerator_list       go to state 72
    enumerator            go to state 73


State 48

  172 alignment_specifier: ALIGNAS '(' • type_name ')'
  173                    | ALIGNAS '(' • constant_expression ')'

    IDENTIFIER            shift, and go to state 74
    I_CONSTANT            shift, and go to state 75
    F_CONSTANT            shift, and go to state 76
    STRING_LITERAL        shift, and go to state 77
    FUNC_NAME             shift, and go to state 78
    SIZEOF                shift, and go to state 79
    INC_OP                shift, and go to state 80
    DEC_OP                shift, and go to state 81
    TYPEDEF_NAME          shift, and go to state 1
    ENUMERATION_CONSTANT  shift, and go to state 82
    CONST                 shift, and go to state 8
    RESTRICT              shift, and go to state 9
    VOLATILE              shift, and go to state 10
    BOOL                  shift, and go to state 11
    CHAR                  shift, and go to state 12
    SHORT                 shift, and go to state 13
    INT                   shift, and go to state 14
    LONG                  shift, and go to state 15
    SIGNED                shift, and go to state 16
    UNSIGNED              shift, and go to state 17
    FLOAT                 shift, and go to state 18
    DOUBLE                shift, and go to state 19
    VOID                  shift, and go to state 20
    COMPLEX               shift, and go to state 21
    IMAGINARY             shift, and go to state 22
    STRUCT                shift, and go to state 23
    UNION                 shift, and go to state 24
    ENUM                  shift, and go to state 25
    ALIGNOF               shift, and go to state 83
    ATOMIC                shift, and go to state 27
    GENERIC               shift, and go to state 84
    FSTRING_START         shift, and go to state 85
    '('                   shift, and go to state 86
    '&'                   shift, and go to state 87
    '*'                   shift, and go to state 88
    '+'                   shift, and go to state 89
    '-'                   shift, and go to state 90
    '~'                   shift, and go to state 91
    '!'                   shift, and go to state 92

    primary_expression         go to state 93
    f_string_expression        go to state 94
    constant                   go to state 95
    string                     go to state 96
    generic_selection          go to state 97
    postfix_expression         go to state 98
    unary_expression           go to state 99
    unary_operator             go to state 100
    cast_expression            go to state 101
    multiplicative_expression  go to state 102
    additive_expression        go to state 103
    shift_expression           go to state 104
    concatenation_expression   go to state 105
    relational_expression      go to state 106
    equality_expression        go to state 107
    and_expression             go to state 108
    exclusive_or_expression    go to state 109
    inclusive_or_expression    go to state 110
    logical_and_expression     go to state 111
    logical_or_expression      go to state 112
    conditional_expression     go to state 113
    constant_expression        go to state 114
    type_specifier             go to state 115
    struct_or_union_specifier  go to state 35
    struct_or_union            go to state 36
    specifier_qualifier_list   go to state 116
    enum_specifier             go to state 37
    atomic_type_specifier      go to state 38
    type_qualifier             go to state 117
    type_name                  go to state 118


State 49

  165 atomic_type_specifier: ATOMIC '(' • type_name ')'

    TYPEDEF_NAME  shift, and go to state 1
    CONST         shift, and go to state 8
    RESTRICT      shift, and go to state 9
    VOLATILE      shift, and go to state 10
    BOOL          shift, and go to state 11
    CHAR          shift, and go to state 12
    SHORT         shift, and go to state 13
    INT           shift, and go to state 14
    LONG          shift, and go to state 15
    SIGNED        shift, and go to state 16
    UNSIGNED      shift, and go to state 17
    FLOAT         shift, and go to state 18
    DOUBLE        shift, and go to state 19
    VOID          shift, and go to state 20
    COMPLEX       shift, and go to state 21
    IMAGINARY     shift, and go to state 22
    STRUCT        shift, and go to state 23
    UNION         shift, and go to state 24
    ENUM          shift, and go to state 25
    ATOMIC        shift, and go to state 27

    type_specifier             go to state 115
    struct_or_union_specifier  go to state 35
    struct_or_union            go to state 36
    specifier_qualifier_list   go to state 116
    enum_specifier             go to state 37
    atomic_type_specifier      go to state 38
    type_qualifier             go to state 117
    type_name                  go to state 119


State 50

  244 static_assert_declaration: STATIC_ASSERT '(' • constant_expression ',' STRING_LITERAL ')' ';'

    IDENTIFIER            shift, and go to state 74
    I_CONSTANT            shift, and go to state 75
    F_CONSTANT            shift, and go to state 76
    STRING_LITERAL        shift, and go to state 77
    FUNC_NAME             shift, and go to state 78
    SIZEOF                shift, and go to state 79
    INC_OP                shift, and go to state 80
    DEC_OP                shift, and go to state 81
    ENUMERATION_CONSTANT  shift, and go to state 82
    ALIGNOF               shift, and go to state 83
    GENERIC               shift, and go to state 84
    FSTRING_START         shift, and go to state 85
    '('                   shift, and go to state 86
    '&'                   shift, and go to state 87
    '*'                   shift, and go to state 88
    '+'                   shift, and go to state 89
    '-'                   shift, and go to state 90
    '~'                   shift, and go to state 91
    '!'                   shift, and go to state 92

    primary_expression         go to state 93
    f_string_expression        go to state 94
    constant                   go to state 95
    string                     go to state 96
    generic_selection          go to state 97
    postfix_expression         go to state 98
    unary_expression           go to state 99
    unary_operator             go to state 100
    cast_expression            go to state 101
    multiplicative_expression  go to state 102
    additive_expression        go to state 103
    shift_expression           go to state 104
    concatenation_expression   go to state 105
    relational_expression      go to state 106
    equality_expression        go to state 107
    and_expression             go to state 108
    exclusive_or_expression    go to state 109
    inclusive_or_expression    go to state 110
    logical_and_expression     go to state 111
    logical_or_expression      go to state 112
    conditional_expression     go to state 113
    constant_expression        go to state 120


State 51

  177 direct_declarator: IDENTIFIER •

    $default  reduce using rule 177 (direct_declarator)


State 52

  178 direct_declarator: '(' • declarator ')'

    IDENTIFIER  shift, and go to state 51
    '('         shift, and go to state 52
    '*'         shift, and go to state 53

    declarator         go to state 121
    direct_declarator  go to state 58
    pointer            go to state 59


State 53

  191 pointer: '*' • type_qualifier_list pointer
  192        | '*' • type_qualifier_list
  193        | '*' • pointer
  194        | '*' •

    CONST     shift, and go to state 8
    RESTRICT  shift, and go to state 9
    VOLATILE  shift, and go to state 10
    ATOMIC    shift, and go to state 122
    '*'       shift, and go to state 53

    $default  reduce using rule 194 (pointer)

    type_qualifier       go to state 123
    pointer              go to state 124
    type_qualifier_list  go to state 125


State 54

   98 declaration: declaration_specifiers ';' •

    $default  reduce using rule 98 (declaration)


State 55

   99 declaration: declaration_specifiers init_declarator_list • ';'
  112 init_declarator_list: init_declarator_list • ',' init_declarator

    ','  shift, and go to state 126
    ';'  shift, and go to state 127


State 56

  111 init_declarator_list: init_declarator •

    $default  reduce using rule 111 (init_declarator_list)


State 57

  113 init_declarator: declarator • '=' initializer
  114                | declarator •
  281 function_definition: declaration_specifiers declarator • declaration_list compound_statement
  282                    | declaration_specifiers declarator • compound_statement

    TYPEDEF_NAME   shift, and go to state 1
    TYPEDEF        shift, and go to state 2
    EXTERN         shift, and go to state 3
    STATIC         shift, and go to state 4
    AUTO           shift, and go to state 5
    REGISTER       shift, and go to state 6
    INLINE         shift, and go to state 7
    CONST          shift, and go to state 8
    RESTRICT       shift, and go to state 9
    VOLATILE       shift, and go to state 10
    BOOL           shift, and go to state 11
    CHAR           shift, and go to state 12
    SHORT          shift, and go to state 13
    INT            shift, and go to state 14
    LONG           shift, and go to state 15
    SIGNED         shift, and go to state 16
    UNSIGNED       shift, and go to state 17
    FLOAT          shift, and go to state 18
    DOUBLE         shift, and go to state 19
    VOID           shift, and go to state 20
    COMPLEX        shift, and go to state 21
    IMAGINARY      shift, and go to state 22
    STRUCT         shift, and go to state 23
    UNION          shift, and go to state 24
    ENUM           shift, and go to state 25
    ALIGNAS        shift, and go to state 26
    ATOMIC         shift, and go to state 27
    NORETURN       shift, and go to state 28
    STATIC_ASSERT  shift, and go to state 29
    THREAD_LOCAL   shift, and go to state 30
    '{'            shift, and go to state 128
    '='            shift, and go to state 129

    $default  reduce using rule 114 (init_declarator)

    declaration                go to state 130
    declaration_specifiers     go to state 131
    storage_class_specifier    go to state 33
    type_specifier             go to state 34
    struct_or_union_specifier  go to state 35
    struct_or_union            go to state 36
    enum_specifier             go to state 37
    atomic_type_specifier      go to state 38
    type_qualifier             go to state 39
    function_specifier         go to state 40
    alignment_specifier        go to state 41
    static_assert_declaration  go to state 42
    compound_statement         go to state 132
    declaration_list           go to state 133


State 58

  176 declarator: direct_declarator •
  179 direct_declarator: direct_declarator • '[' ']'
  180                  | direct_declarator • '[' '*' ']'
  181                  | direct_declarator • '[' STATIC type_qualifier_list assignment_expression ']'
  182                  | direct_declarator • '[' STATIC assignment_expression ']'
  183                  | direct_declarator • '[' type_qualifier_list '*' ']'
  184                  | direct_declarator • '[' type_qualifier_list STATIC assignment_expression ']'
  185                  | direct_declarator • '[' type_qualifier_list assignment_expression ']'
  186                  | direct_declarator • '[' type_qualifier_list ']'
  187                  | direct_declarator • '[' assignment_expression ']'
  188                  | direct_declarator • '(' parameter_type_list ')'
  189                  | direct_declarator • '(' ')'
  190                  | direct_declarator • '(' identifier_list ')'

    '('  shift, and go to state 134
    '['  shift, and go to state 135

    $default  reduce using rule 176 (declarator)


State 59

  175 declarator: pointer • $@1 direct_declarator

    $default  reduce using rule 174 ($@1)

    $@1  go to state 136


State 60

  101 declaration_specifiers: storage_class_specifier declaration_specifiers •

    $default  reduce using rule 101 (declaration_specifiers)


State 61

  103 declaration_specifiers: type_specifier declaration_specifiers •

    $default  reduce using rule 103 (declaration_specifiers)


State 62

  138 struct_or_union_specifier: struct_or_union IDENTIFIER • '{' struct_declaration_list '}'
  139                          | struct_or_union IDENTIFIER •

    '{'  shift, and go to state 137

    $default  reduce using rule 139 (struct_or_union_specifier)


State 63

  137 struct_or_union_specifier: struct_or_union '{' • struct_declaration_list '}'

    TYPEDEF_NAME   shift, and go to state 1
    CONST          shift, and go to state 8
    RESTRICT       shift, and go to state 9
    VOLATILE       shift, and go to state 10
    BOOL           shift, and go to state 11
    CHAR           shift, and go to state 12
    SHORT          shift, and go to state 13
    INT            shift, and go to state 14
    LONG           shift, and go to state 15
    SIGNED         shift, and go to state 16
    UNSIGNED       shift, and go to state 17
    FLOAT          shift, and go to state 18
    DOUBLE         shift, and go to state 19
    VOID           shift, and go to state 20
    COMPLEX        shift, and go to state 21
    IMAGINARY      shift, and go to state 22
    STRUCT         shift, and go to state 23
    UNION          shift, and go to state 24
    ENUM           shift, and go to state 25
    ATOMIC         shift, and go to state 27
    STATIC_ASSERT  shift, and go to state 29

    type_specifier             go to state 115
    struct_or_union_specifier  go to state 35
    struct_or_union            go to state 36
    struct_declaration_list    go to state 138
    struct_declaration         go to state 139
    specifier_qualifier_list   go to state 140
    enum_specifier             go to state 37
    atomic_type_specifier      go to state 38
    type_qualifier             go to state 117
    static_assert_declaration  go to state 141


State 64

  105 declaration_specifiers: type_qualifier declaration_specifiers •

    $default  reduce using rule 105 (declaration_specifiers)


State 65

  107 declaration_specifiers: function_specifier declaration_specifiers •

    $default  reduce using rule 107 (declaration_specifiers)


State 66

  109 declaration_specifiers: alignment_specifier declaration_specifiers •

    $default  reduce using rule 109 (declaration_specifiers)


State 67

    0 $accept: translation_unit $end •

    $default  accept


State 68

  278 translation_unit: translation_unit external_declaration •

    $default  reduce using rule 278 (translation_unit)


State 69

  158 enum_specifier: ENUM IDENTIFIER '{' • enumerator_list '}'
  159               | ENUM IDENTIFIER '{' • enumerator_list ',' '}'

    IDENTIFIER  shift, and go to state 70

    enumeration_constant  go to state 71
    enumerator_list       go to state 142
    enumerator            go to state 73


State 70

   15 enumeration_constant: IDENTIFIER •

    $default  reduce using rule 15 (enumeration_constant)


State 71

  163 enumerator: enumeration_constant • '=' constant_expression
  164           | enumeration_constant •

    '='  shift, and go to state 143

    $default  reduce using rule 164 (enumerator)


State 72

  156 enum_specifier: ENUM '{' enumerator_list • '}'
  157               | ENUM '{' enumerator_list • ',' '}'
  162 enumerator_list: enumerator_list • ',' enumerator

    ','  shift, and go to state 144
    '}'  shift, and go to state 145


State 73

  161 enumerator_list: enumerator •

    $default  reduce using rule 161 (enumerator_list)


State 74

    1 primary_expression: IDENTIFIER •

    $default  reduce using rule 1 (primary_expression)


State 75

   12 constant: I_CONSTANT •

    $default  reduce using rule 12 (constant)


State 76

   13 constant: F_CONSTANT •

    $default  reduce using rule 13 (constant)


State 77

   16 string: STRING_LITERAL •

    $default  reduce using rule 16 (string)


State 78

   17 string: FUNC_NAME •

    $default  reduce using rule 17 (string)


State 79

   39 unary_expression: SIZEOF • unary_expression
   40                 | SIZEOF • '(' type_name ')'

    IDENTIFIER            shift, and go to state 74
    I_CONSTANT            shift, and go to state 75
    F_CONSTANT            shift, and go to state 76
    STRING_LITERAL        shift, and go to state 77
    FUNC_NAME             shift, and go to state 78
    SIZEOF                shift, and go to state 79
    INC_OP                shift, and go to state 80
    DEC_OP                shift, and go to state 81
    ENUMERATION_CONSTANT  shift, and go to state 82
    ALIGNOF               shift, and go to state 83
    GENERIC               shift, and go to state 84
    FSTRING_START         shift, and go to state 85
    '('                   shift, and go to state 146
    '&'                   shift, and go to state 87
    '*'                   shift, and go to state 88
    '+'                   shift, and go to state 89
    '-'                   shift, and go to state 90
    '~'                   shift, and go to state 91
    '!'                   shift, and go to state 92

    primary_expression   go to state 93
    f_string_expression  go to state 94
    constant             go to state 95
    string               go to state 96
    generic_selection    go to state 97
    postfix_expression   go to state 98
    unary_expression     go to state 147
    unary_operator       go to state 100


State 80

   36 unary_expression: INC_OP • unary_expression

    IDENTIFIER            shift, and go to state 74
    I_CONSTANT            shift, and go to state 75
    F_CONSTANT            shift, and go to state 76
    STRING_LITERAL        shift, and go to state 77
    FUNC_NAME             shift, and go to state 78
    SIZEOF                shift, and go to state 79
    INC_OP                shift, and go to state 80
    DEC_OP                shift, and go to state 81
    ENUMERATION_CONSTANT  shift, and go to state 82
    ALIGNOF               shift, and go to state 83
    GENERIC               shift, and go to state 84
    FSTRING_START         shift, and go to state 85
    '('                   shift, and go to state 148
    '&'                   shift, and go to state 87
    '*'                   shift, and go to state 88
    '+'                   shift, and go to state 89
    '-'                   shift, and go to state 90
    '~'                   shift, and go to state 91
    '!'                   shift, and go to state 92

    primary_expression   go to state 93
    f_string_expression  go to state 94
    constant             go to state 95
    string               go to state 96
    generic_selection    go to state 97
    postfix_expression   go to state 98
    unary_expression     go to state 149
    unary_operator       go to state 100


State 81

   37 unary_expression: DEC_OP • unary_expression

    IDENTIFIER            shift, and go to state 74
    I_CONSTANT            shift, and go to state 75
    F_CONSTANT            shift, and go to state 76
    STRING_LITERAL        shift, and go to state 77
    FUNC_NAME             shift, and go to state 78
    SIZEOF                shift, and go to state 79
    INC_OP                shift, and go to state 80
    DEC_OP                shift, and go to state 81
    ENUMERATION_CONSTANT  shift, and go to state 82
    ALIGNOF               shift, and go to state 83
    GENERIC               shift, and go to state 84
    FSTRING_START         shift, and go to state 85
    '('                   shift, and go to state 148
    '&'                   shift, and go to state 87
    '*'                   shift, and go to state 88
    '+'                   shift, and go to state 89
    '-'                   shift, and go to state 90
    '~'                   shift, and go to state 91
    '!'                   shift, and go to state 92

    primary_expression   go to state 93
    f_string_expression  go to state 94
    constant             go to state 95
    string               go to state 96
    generic_selection    go to state 97
    postfix_expression   go to state 98
    unary_expression     go to state 150
    unary_operator       go to state 100


State 82

   14 constant: ENUMERATION_CONSTANT •

    $default  reduce using rule 14 (constant)


State 83

   41 unary_expression: ALIGNOF • '(' type_name ')'

    '('  shift, and go to state 151


State 84

   18 generic_selection: GENERIC • '(' assignment_expression ',' generic_assoc_list ')'

    '('  shift, and go to state 152


State 85

    7 f_string_expression: FSTRING_START • f_string_body FSTRING_END

    $default  reduce using rule 8 (f_string_body)

    f_string_body  go to state 153


State 86

    4 primary_expression: '(' • expression ')'
   31 postfix_expression: '(' • type_name ')' '{' initializer_list '}'
   32                   | '(' • type_name ')' '{' initializer_list ',' '}'
   49 cast_expression: '(' • type_name ')' cast_expression

    IDENTIFIER            shift, and go to state 74
    I_CONSTANT            shift, and go to state 75
    F_CONSTANT            shift, and go to state 76
    STRING_LITERAL        shift, and go to state 77
    FUNC_NAME             shift, and go to state 78
    SIZEOF                shift, and go to state 79
    INC_OP                shift, and go to state 80
    DEC_OP                shift, and go to state 81
    TYPEDEF_NAME          shift, and go to state 1
    ENUMERATION_CONSTANT  shift, and go to state 82
    CONST                 shift, and go to state 8
    RESTRICT              shift, and go to state 9
    VOLATILE              shift, and go to state 10
    BOOL                  shift, and go to state 11
    CHAR                  shift, and go to state 12
    SHORT                 shift, and go to state 13
    INT                   shift, and go to state 14
    LONG                  shift, and go to state 15
    SIGNED                shift, and go to state 16
    UNSIGNED              shift, and go to state 17
    FLOAT                 shift, and go to state 18
    DOUBLE                shift, and go to state 19
    VOID                  shift, and go to state 20
    COMPLEX               shift, and go to state 21
    IMAGINARY             shift, and go to state 22
    STRUCT                shift, and go to state 23
    UNION                 shift, and go to state 24
    ENUM                  shift, and go to state 25
    ALIGNOF               shift, and go to state 83
    ATOMIC                shift, and go to state 27
    GENERIC               shift, and go to state 84
    FSTRING_START         shift, and go to state 85
    '('                   shift, and go to state 86
    '&'                   shift, and go to state 87
    '*'                   shift, and go to state 88
    '+'                   shift, and go to state 89
    '-'                   shift, and go to state 90
    '~'                   shift, and go to state 91
    '!'                   shift, and go to state 92

    primary_expression         go to state 93
    f_string_expression        go to state 94
    constant                   go to state 95
    string                     go to state 96
    generic_selection          go to state 97
    postfix_expression         go to state 98
    unary_expression           go to state 154
    unary_operator             go to state 100
    cast_expression            go to state 101
    multiplicative_expression  go to state 102
    additive_expression        go to state 103
    shift_expression           go to state 104
    concatenation_expression   go to state 105
    relational_expression      go to state 106
    equality_expression        go to state 107
    and_expression             go to state 108
    exclusive_or_expression    go to state 109
    inclusive_or_expression    go to state 110
    logical_and_expression     go to state 111
    logical_or_expression      go to state 112
    conditional_expression     go to state 155
    assignment_expression      go to state 156
    expression                 go to state 157
    type_specifier             go to state 115
    struct_or_union_specifier  go to state 35
    struct_or_union            go to state 36
    specifier_qualifier_list   go to state 116
    enum_specifier             go to state 37
    atomic_type_specifier      go to state 38
    type_qualifier             go to state 117
    type_name                  go to state 158


State 87

   42 unary_operator: '&' •

    $default  reduce using rule 42 (unary_operator)


State 88

   43 unary_operator: '*' •

    $default  reduce using rule 43 (unary_operator)


State 89

   44 unary_operator: '+' •

    $default  reduce using rule 44 (unary_operator)


State 90

   45 unary_operator: '-' •

    $default  reduce using rule 45 (unary_operator)


State 91

   46 unary_operator: '~' •

    $default  reduce using rule 46 (unary_operator)


State 92

   47 unary_operator: '!' •

    $default  reduce using rule 47 (unary_operator)


State 93

   23 postfix_expression: primary_expression •

    $default  reduce using rule 23 (postfix_expression)


State 94

    6 primary_expression: f_string_expression •

    $default  reduce using rule 6 (primary_expression)


State 95

    2 primary_expression: constant •

    $default  reduce using rule 2 (primary_expression)


State 96

    3 primary_expression: string •

    $default  reduce using rule 3 (primary_expression)


State 97

    5 primary_expression: generic_selection •

    $default  reduce using rule 5 (primary_expression)


State 98

   24 postfix_expression: postfix_expression • '[' expression ']'
   25                   | postfix_expression • '(' ')'
   26                   | postfix_expression • '(' argument_expression_list ')'
   27                   | postfix_expression • '.' IDENTIFIER
   28                   | postfix_expression • PTR_OP IDENTIFIER
   29                   | postfix_expression • INC_OP
   30                   | postfix_expression • DEC_OP
   35 unary_expression: postfix_expression •

    PTR_OP  shift, and go to state 159
    INC_OP  shift, and go to state 160
    DEC_OP  shift, and go to state 161
    '('     shift, and go to state 162
    '['     shift, and go to state 163
    '.'     shift, and go to state 164

    $default  reduce using rule 35 (unary_expression)


State 99

   48 cast_expression: unary_expression •

    $default  reduce using rule 48 (cast_expression)


State 100

   38 unary_expression: unary_operator • cast_expression

    IDENTIFIER            shift, and go to state 74
    I_CONSTANT            shift, and go to state 75
    F_CONSTANT            shift, and go to state 76
    STRING_LITERAL        shift, and go to state 77
    FUNC_NAME             shift, and go to state 78
    SIZEOF                shift, and go to state 79
    INC_OP                shift, and go to state 80
    DEC_OP                shift, and go to state 81
    ENUMERATION_CONSTANT  shift, and go to state 82
    ALIGNOF               shift, and go to state 83
    GENERIC               shift, and go to state 84
    FSTRING_START         shift, and go to state 85
    '('                   shift, and go to state 86
    '&'                   shift, and go to state 87
    '*'                   shift, and go to state 88
    '+'                   shift, and go to state 89
    '-'                   shift, and go to state 90
    '~'                   shift, and go to state 91
    '!'                   shift, and go to state 92

    primary_expression   go to state 93
    f_string_expression  go to state 94
    constant             go to state 95
    string               go to state 96
    generic_selection    go to state 97
    postfix_expression   go to state 98
    unary_expression     go to state 99
    unary_operator       go to state 100
    cast_expression      go to state 165


State 101

   50 multiplicative_expression: cast_expression •

    $default  reduce using rule 50 (multiplicative_expression)


State 102

   51 multiplicative_expression: multiplicative_expression • '*' cast_expression
   52                          | multiplicative_expression • '/' cast_expression
   53                          | multiplicative_expression • '%' cast_expression
   54 additive_expression: multiplicative_expression •

    '*'  shift, and go to state 166
    '/'  shift, and go to state 167
    '%'  shift, and go to state 168

    $default  reduce using rule 54 (additive_expression)


State 103

   55 additive_expression: additive_expression • '+' multiplicative_expression
   56                    | additive_expression • '-' multiplicative_expression
   57 shift_expression: additive_expression •

    '+'  shift, and go to state 169
    '-'  shift, and go to state 170

    $default  reduce using rule 57 (shift_expression)


State 104

   58 shift_expression: shift_expression • LEFT_OP additive_expression
   59                 | shift_expression • RIGHT_OP additive_expression
   60 concatenation_expression: shift_expression •

    LEFT_OP   shift, and go to state 171
    RIGHT_OP  shift, and go to state 172

    $default  reduce using rule 60 (concatenation_expression)


State 105

   61 concatenation_expression: concatenation_expression • '@' shift_expression
   62 relational_expression: concatenation_expression •

    '@'  shift, and go to state 173

    $default  reduce using rule 62 (relational_expression)


State 106

   63 relational_expression: relational_expression • '<' concatenation_expression
   64                      | relational_expression • '>' concatenation_expression
   65                      | relational_expression • LE_OP concatenation_expression
   66                      | relational_expression • GE_OP concatenation_expression
   67                      | relational_expression • TH_OP concatenation_expression
   68 equality_expression: relational_expression •

    LE_OP  shift, and go to state 174
    GE_OP  shift, and go to state 175
    TH_OP  shift, and go to state 176
    '<'    shift, and go to state 177
    '>'    shift, and go to state 178

    $default  reduce using rule 68 (equality_expression)


State 107

   69 equality_expression: equality_expression • EQ_OP relational_expression
   70                    | equality_expression • NE_OP relational_expression
   71 and_expression: equality_expression •

    EQ_OP  shift, and go to state 179
    NE_OP  shift, and go to state 180

    $default  reduce using rule 71 (and_expression)


State 108

   72 and_expression: and_expression • '&' equality_expression
   73 exclusive_or_expression: and_expression •

    '&'  shift, and go to state 181

    $default  reduce using rule 73 (exclusive_or_expression)


State 109

   74 exclusive_or_expression: exclusive_or_expression • '^' and_expression
   75 inclusive_or_expression: exclusive_or_expression •

    '^'  shift, and go to state 182

    $default  reduce using rule 75 (inclusive_or_expression)


State 110

   76 inclusive_or_expression: inclusive_or_expression • '|' exclusive_or_expression
   77 logical_and_expression: inclusive_or_expression •

    '|'  shift, and go to state 183

    $default  reduce using rule 77 (logical_and_expression)


State 111

   78 logical_and_expression: logical_and_expression • AND_OP inclusive_or_expression
   79 logical_or_expression: logical_and_expression •

    AND_OP  shift, and go to state 184

    $default  reduce using rule 79 (logical_or_expression)


State 112

   80 logical_or_expression: logical_or_expression • OR_OP logical_and_expression
   81 conditional_expression: logical_or_expression •

    OR_OP  shift, and go to state 185

    $default  reduce using rule 81 (conditional_expression)


State 113

   97 constant_expression: conditional_expression •

    $default  reduce using rule 97 (constant_expression)


State 114

  173 alignment_specifier: ALIGNAS '(' constant_expression • ')'

    ')'  shift, and go to state 186


State 115

  147 specifier_qualifier_list: type_specifier • specifier_qualifier_list
  148                         | type_specifier •

    TYPEDEF_NAME  shift, and go to state 1
    CONST         shift, and go to state 8
    RESTRICT      shift, and go to state 9
    VOLATILE      shift, and go to state 10
    BOOL          shift, and go to state 11
    CHAR          shift, and go to state 12
    SHORT         shift, and go to state 13
    INT           shift, and go to state 14
    LONG          shift, and go to state 15
    SIGNED        shift, and go to state 16
    UNSIGNED      shift, and go to state 17
    FLOAT         shift, and go to state 18
    DOUBLE        shift, and go to state 19
    VOID          shift, and go to state 20
    COMPLEX       shift, and go to state 21
    IMAGINARY     shift, and go to state 22
    STRUCT        shift, and go to state 23
    UNION         shift, and go to state 24
    ENUM          shift, and go to state 25
    ATOMIC        shift, and go to state 27

    $default  reduce using rule 148 (specifier_qualifier_list)

    type_specifier             go to state 115
    struct_or_union_specifier  go to state 35
    struct_or_union            go to state 36
    specifier_qualifier_list   go to state 187
    enum_specifier             go to state 37
    atomic_type_specifier      go to state 38
    type_qualifier             go to state 117


State 116

  206 type_name: specifier_qualifier_list • abstract_declarator
  207          | specifier_qualifier_list •

    '('  shift, and go to state 188
    '['  shift, and go to state 189
    '*'  shift, and go to state 53

    $default  reduce using rule 207 (type_name)

    pointer                     go to state 190
    abstract_declarator         go to state 191
    direct_abstract_declarator  go to state 192


State 117

  149 specifier_qualifier_list: type_qualifier • specifier_qualifier_list
  150                         | type_qualifier •

    TYPEDEF_NAME  shift, and go to state 1
    CONST         shift, and go to state 8
    RESTRICT      shift, and go to state 9
    VOLATILE      shift, and go to state 10
    BOOL          shift, and go to state 11
    CHAR          shift, and go to state 12
    SHORT         shift, and go to state 13
    INT           shift, and go to state 14
    LONG          shift, and go to state 15
    SIGNED        shift, and go to state 16
    UNSIGNED      shift, and go to state 17
    FLOAT         shift, and go to state 18
    DOUBLE        shift, and go to state 19
    VOID          shift, and go to state 20
    COMPLEX       shift, and go to state 21
    IMAGINARY     shift, and go to state 22
    STRUCT        shift, and go to state 23
    UNION         shift, and go to state 24
    ENUM          shift, and go to state 25
    ATOMIC        shift, and go to state 27

    $default  reduce using rule 150 (specifier_qualifier_list)

    type_specifier             go to state 115
    struct_or_union_specifier  go to state 35
    struct_or_union            go to state 36
    specifier_qualifier_list   go to state 193
    enum_specifier             go to state 37
    atomic_type_specifier      go to state 38
    type_qualifier             go to state 117


State 118

  172 alignment_specifier: ALIGNAS '(' type_name • ')'

    ')'  shift, and go to state 194


State 119

  165 atomic_type_specifier: ATOMIC '(' type_name • ')'

    ')'  shift, and go to state 195


State 120

  244 static_assert_declaration: STATIC_ASSERT '(' constant_expression • ',' STRING_LITERAL ')' ';'

    ','  shift, and go to state 196


State 121

  178 direct_declarator: '(' declarator • ')'

    ')'  shift, and go to state 197


State 122

  169 type_qualifier: ATOMIC •

    $default  reduce using rule 169 (type_qualifier)


State 123

  195 type_qualifier_list: type_qualifier •

    $default  reduce using rule 195 (type_qualifier_list)


State 124

  193 pointer: '*' pointer •

    $default  reduce using rule 193 (pointer)


State 125

  191 pointer: '*' type_qualifier_list • pointer
  192        | '*' type_qualifier_list •
  196 type_qualifier_list: type_qualifier_list • type_qualifier

    CONST     shift, and go to state 8
    RESTRICT  shift, and go to state 9
    VOLATILE  shift, and go to state 10
    ATOMIC    shift, and go to state 122
    '*'       shift, and go to state 53

    $default  reduce using rule 192 (pointer)

    type_qualifier  go to state 198
    pointer         go to state 199


State 126

  112 init_declarator_list: init_declarator_list ',' • init_declarator

    IDENTIFIER  shift, and go to state 51
    '('         shift, and go to state 52
    '*'         shift, and go to state 53

    init_declarator    go to state 200
    declarator         go to state 201
    direct_declarator  go to state 58
    pointer            go to state 59


State 127

   99 declaration: declaration_specifiers init_declarator_list ';' •

    $default  reduce using rule 99 (declaration)


State 128

  254 compound_statement: '{' • '}'
  255                   | '{' • block_item_list '}'

    IDENTIFIER            shift, and go to state 202
    I_CONSTANT            shift, and go to state 75
    F_CONSTANT            shift, and go to state 76
    STRING_LITERAL        shift, and go to state 77
    FUNC_NAME             shift, and go to state 78
    SIZEOF                shift, and go to state 79
    INC_OP                shift, and go to state 80
    DEC_OP                shift, and go to state 81
    TYPEDEF_NAME          shift, and go to state 1
    ENUMERATION_CONSTANT  shift, and go to state 82
    TYPEDEF               shift, and go to state 2
    EXTERN                shift, and go to state 3
    STATIC                shift, and go to state 4
    AUTO                  shift, and go to state 5
    REGISTER              shift, and go to state 6
    INLINE                shift, and go to state 7
    CONST                 shift, and go to state 8
    RESTRICT              shift, and go to state 9
    VOLATILE              shift, and go to state 10
    BOOL                  shift, and go to state 11
    CHAR                  shift, and go to state 12
    SHORT                 shift, and go to state 13
    INT                   shift, and go to state 14
    LONG                  shift, and go to state 15
    SIGNED                shift, and go to state 16
    UNSIGNED              shift, and go to state 17
    FLOAT                 shift, and go to state 18
    DOUBLE                shift, and go to state 19
    VOID                  shift, and go to state 20
    COMPLEX               shift, and go to state 21
    IMAGINARY             shift, and go to state 22
    STRUCT                shift, and go to state 23
    UNION                 shift, and go to state 24
    ENUM                  shift, and go to state 25
    CASE                  shift, and go to state 203
    DEFAULT               shift, and go to state 204
    IF                    shift, and go to state 205
    SWITCH                shift, and go to state 206
    WHILE                 shift, and go to state 207
    DO                    shift, and go to state 208
    FOR                   shift, and go to state 209
    GOTO                  shift, and go to state 210
    CONTINUE              shift, and go to state 211
    BREAK                 shift, and go to state 212
    RETURN                shift, and go to state 213
    ALIGNAS               shift, and go to state 26
    ALIGNOF               shift, and go to state 83
    ATOMIC                shift, and go to state 27
    GENERIC               shift, and go to state 84
    NORETURN              shift, and go to state 28
    STATIC_ASSERT         shift, and go to state 29
    THREAD_LOCAL          shift, and go to state 30
    FSTRING_START         shift, and go to state 85
    '('                   shift, and go to state 86
    '{'                   shift, and go to state 128
    '}'                   shift, and go to state 214
    '&'                   shift, and go to state 87
    '*'                   shift, and go to state 88
    '+'                   shift, and go to state 89
    '-'                   shift, and go to state 90
    '~'                   shift, and go to state 91
    '!'                   shift, and go to state 92
    ';'                   shift, and go to state 215

    primary_expression         go to state 93
    f_string_expression        go to state 94
    constant                   go to state 95
    string                     go to state 96
    generic_selection          go to state 97
    postfix_expression         go to state 98
    unary_expression           go to state 154
    unary_operator             go to state 100
    cast_expression            go to state 101
    multiplicative_expression  go to state 102
    additive_expression        go to state 103
    shift_expression           go to state 104
    concatenation_expression   go to state 105
    relational_expression      go to state 106
    equality_expression        go to state 107
    and_expression             go to state 108
    exclusive_or_expression    go to state 109
    inclusive_or_expression    go to state 110
    logical_and_expression     go to state 111
    logical_or_expression      go to state 112
    conditional_expression     go to state 155
    assignment_expression      go to state 156
    expression                 go to state 216
    declaration                go to state 217
    declaration_specifiers     go to state 131
    storage_class_specifier    go to state 33
    type_specifier             go to state 34
    struct_or_union_specifier  go to state 35
    struct_or_union            go to state 36
    enum_specifier             go to state 37
    atomic_type_specifier      go to state 38
    type_qualifier             go to state 39
    function_specifier         go to state 40
    alignment_specifier        go to state 41
    static_assert_declaration  go to state 42
    statement                  go to state 218
    labeled_statement          go to state 219
    compound_statement         go to state 220
    block_item_list            go to state 221
    block_item                 go to state 222
    expression_statement       go to state 223
    selection_statement        go to state 224
    iteration_statement        go to state 225
    jump_statement             go to state 226


State 129

  113 init_declarator: declarator '=' • initializer

    IDENTIFIER            shift, and go to state 74
    I_CONSTANT            shift, and go to state 75
    F_CONSTANT            shift, and go to state 76
    STRING_LITERAL        shift, and go to state 77
    FUNC_NAME             shift, and go to state 78
    SIZEOF                shift, and go to state 79
    INC_OP                shift, and go to state 80
    DEC_OP                shift, and go to state 81
    ENUMERATION_CONSTANT  shift, and go to state 82
    ALIGNOF               shift, and go to state 83
    GENERIC               shift, and go to state 84
    FSTRING_START         shift, and go to state 85
    '('                   shift, and go to state 86
    '{'                   shift, and go to state 227
    '&'                   shift, and go to state 87
    '*'                   shift, and go to state 88
    '+'                   shift, and go to state 89
    '-'                   shift, and go to state 90
    '~'                   shift, and go to state 91
    '!'                   shift, and go to state 92

    primary_expression         go to state 93
    f_string_expression        go to state 94
    constant                   go to state 95
    string                     go to state 96
    generic_selection          go to state 97
    postfix_expression         go to state 98
    unary_expression           go to state 154
    unary_operator             go to state 100
    cast_expression            go to state 101
    multiplicative_expression  go to state 102
    additive_expression        go to state 103
    shift_expression           go to state 104
    concatenation_expression   go to state 105
    relational_expression      go to state 106
    equality_expression        go to state 107
    and_expression             go to state 108
    exclusive_or_expression    go to state 109
    inclusive_or_expression    go to state 110
    logical_and_expression     go to state 111
    logical_or_expression      go to state 112
    conditional_expression     go to state 155
    assignment_expression      go to state 228
    initializer                go to state 229


State 130

  283 declaration_list: declaration •

    $default  reduce using rule 283 (declaration_list)


State 131

   98 declaration: declaration_specifiers • ';'
   99            | declaration_specifiers • init_declarator_list ';'

    IDENTIFIER  shift, and go to state 51
    '('         shift, and go to state 52
    '*'         shift, and go to state 53
    ';'         shift, and go to state 54

    init_declarator_list  go to state 55
    init_declarator       go to state 56
    declarator            go to state 201
    direct_declarator     go to state 58
    pointer               go to state 59


State 132

  282 function_definition: declaration_specifiers declarator compound_statement •

    $default  reduce using rule 282 (function_definition)


State 133

  281 function_definition: declaration_specifiers declarator declaration_list • compound_statement
  284 declaration_list: declaration_list • declaration

    TYPEDEF_NAME   shift, and go to state 1
    TYPEDEF        shift, and go to state 2
    EXTERN         shift, and go to state 3
    STATIC         shift, and go to state 4
    AUTO           shift, and go to state 5
    REGISTER       shift, and go to state 6
    INLINE         shift, and go to state 7
    CONST          shift, and go to state 8
    RESTRICT       shift, and go to state 9
    VOLATILE       shift, and go to state 10
    BOOL           shift, and go to state 11
    CHAR           shift, and go to state 12
    SHORT          shift, and go to state 13
    INT            shift, and go to state 14
    LONG           shift, and go to state 15
    SIGNED         shift, and go to state 16
    UNSIGNED       shift, and go to state 17
    FLOAT          shift, and go to state 18
    DOUBLE         shift, and go to state 19
    VOID           shift, and go to state 20
    COMPLEX        shift, and go to state 21
    IMAGINARY      shift, and go to state 22
    STRUCT         shift, and go to state 23
    UNION          shift, and go to state 24
    ENUM           shift, and go to state 25
    ALIGNAS        shift, and go to state 26
    ATOMIC         shift, and go to state 27
    NORETURN       shift, and go to state 28
    STATIC_ASSERT  shift, and go to state 29
    THREAD_LOCAL   shift, and go to state 30
    '{'            shift, and go to state 128

    declaration                go to state 230
    declaration_specifiers     go to state 131
    storage_class_specifier    go to state 33
    type_specifier             go to state 34
    struct_or_union_specifier  go to state 35
    struct_or_union            go to state 36
    enum_specifier             go to state 37
    atomic_type_specifier      go to state 38
    type_qualifier             go to state 39
    function_specifier         go to state 40
    alignment_specifier        go to state 41
    static_assert_declaration  go to state 42
    compound_statement         go to state 231


State 134

  188 direct_declarator: direct_declarator '(' • parameter_type_list ')'
  189                  | direct_declarator '(' • ')'
  190                  | direct_declarator '(' • identifier_list ')'

    IDENTIFIER    shift, and go to state 232
    TYPEDEF_NAME  shift, and go to state 1
    TYPEDEF       shift, and go to state 2
    EXTERN        shift, and go to state 3
    STATIC        shift, and go to state 4
    AUTO          shift, and go to state 5
    REGISTER      shift, and go to state 6
    INLINE        shift, and go to state 7
    CONST         shift, and go to state 8
    RESTRICT      shift, and go to state 9
    VOLATILE      shift, and go to state 10
    BOOL          shift, and go to state 11
    CHAR          shift, and go to state 12
    SHORT         shift, and go to state 13
    INT           shift, and go to state 14
    LONG          shift, and go to state 15
    SIGNED        shift, and go to state 16
    UNSIGNED      shift, and go to state 17
    FLOAT         shift, and go to state 18
    DOUBLE        shift, and go to state 19
    VOID          shift, and go to state 20
    COMPLEX       shift, and go to state 21
    IMAGINARY     shift, and go to state 22
    STRUCT        shift, and go to state 23
    UNION         shift, and go to state 24
    ENUM          shift, and go to state 25
    ALIGNAS       shift, and go to state 26
    ATOMIC        shift, and go to state 27
    NORETURN      shift, and go to state 28
    THREAD_LOCAL  shift, and go to state 30
    ')'           shift, and go to state 233

    declaration_specifiers     go to state 234
    storage_class_specifier    go to state 33
    type_specifier             go to state 34
    struct_or_union_specifier  go to state 35
    struct_or_union            go to state 36
    enum_specifier             go to state 37
    atomic_type_specifier      go to state 38
    type_qualifier             go to state 39
    function_specifier         go to state 40
    alignment_specifier        go to state 41
    parameter_type_list        go to state 235
    parameter_list             go to state 236
    parameter_declaration      go to state 237
    identifier_list            go to state 238


State 135

  179 direct_declarator: direct_declarator '[' • ']'
  180                  | direct_declarator '[' • '*' ']'
  181                  | direct_declarator '[' • STATIC type_qualifier_list assignment_expression ']'
  182                  | direct_declarator '[' • STATIC assignment_expression ']'
  183                  | direct_declarator '[' • type_qualifier_list '*' ']'
  184                  | direct_declarator '[' • type_qualifier_list STATIC assignment_expression ']'
  185                  | direct_declarator '[' • type_qualifier_list assignment_expression ']'
  186                  | direct_declarator '[' • type_qualifier_list ']'
  187                  | direct_declarator '[' • assignment_expression ']'

    IDENTIFIER            shift, and go to state 74
    I_CONSTANT            shift, and go to state 75
    F_CONSTANT            shift, and go to state 76
    STRING_LITERAL        shift, and go to state 77
    FUNC_NAME             shift, and go to state 78
    SIZEOF                shift, and go to state 79
    INC_OP                shift, and go to state 80
    DEC_OP                shift, and go to state 81
    ENUMERATION_CONSTANT  shift, and go to state 82
    STATIC                shift, and go to state 239
    CONST                 shift, and go to state 8
    RESTRICT              shift, and go to state 9
    VOLATILE              shift, and go to state 10
    ALIGNOF               shift, and go to state 83
    ATOMIC                shift, and go to state 122
    GENERIC               shift, and go to state 84
    FSTRING_START         shift, and go to state 85
    '('                   shift, and go to state 86
    ']'                   shift, and go to state 240
    '&'                   shift, and go to state 87
    '*'                   shift, and go to state 241
    '+'                   shift, and go to state 89
    '-'                   shift, and go to state 90
    '~'                   shift, and go to state 91
    '!'                   shift, and go to state 92

    primary_expression         go to state 93
    f_string_expression        go to state 94
    constant                   go to state 95
    string                     go to state 96
    generic_selection          go to state 97
    postfix_expression         go to state 98
    unary_expression           go to state 154
    unary_operator             go to state 100
    cast_expression            go to state 101
    multiplicative_expression  go to state 102
    additive_expression        go to state 103
    shift_expression           go to state 104
    concatenation_expression   go to state 105
    relational_expression      go to state 106
    equality_expression        go to state 107
    and_expression             go to state 108
    exclusive_or_expression    go to state 109
    inclusive_or_expression    go to state 110
    logical_and_expression     go to state 111
    logical_or_expression      go to state 112
    conditional_expression     go to state 155
    assignment_expression      go to state 242
    type_qualifier             go to state 123
    type_qualifier_list        go to state 243


State 136

  175 declarator: pointer $@1 • direct_declarator

    IDENTIFIER  shift, and go to state 51
    '('         shift, and go to state 52

    direct_declarator  go to state 244


State 137

  138 struct_or_union_specifier: struct_or_union IDENTIFIER '{' • struct_declaration_list '}'

    TYPEDEF_NAME   shift, and go to state 1
    CONST          shift, and go to state 8
    RESTRICT       shift, and go to state 9
    VOLATILE       shift, and go to state 10
    BOOL           shift, and go to state 11
    CHAR           shift, and go to state 12
    SHORT          shift, and go to state 13
    INT            shift, and go to state 14
    LONG           shift, and go to state 15
    SIGNED         shift, and go to state 16
    UNSIGNED       shift, and go to state 17
    FLOAT          shift, and go to state 18
    DOUBLE         shift, and go to state 19
    VOID           shift, and go to state 20
    COMPLEX        shift, and go to state 21
    IMAGINARY      shift, and go to state 22
    STRUCT         shift, and go to state 23
    UNION          shift, and go to state 24
    ENUM           shift, and go to state 25
    ATOMIC         shift, and go to state 27
    STATIC_ASSERT  shift, and go to state 29

    type_specifier             go to state 115
    struct_or_union_specifier  go to state 35
    struct_or_union            go to state 36
    struct_declaration_list    go to state 245
    struct_declaration         go to state 139
    specifier_qualifier_list   go to state 140
    enum_specifier             go to state 37
    atomic_type_specifier      go to state 38
    type_qualifier             go to state 117
    static_assert_declaration  go to state 141


State 138

  137 struct_or_union_specifier: struct_or_union '{' struct_declaration_list • '}'
  143 struct_declaration_list: struct_declaration_list • struct_declaration

    TYPEDEF_NAME   shift, and go to state 1
    CONST          shift, and go to state 8
    RESTRICT       shift, and go to state 9
    VOLATILE       shift, and go to state 10
    BOOL           shift, and go to state 11
    CHAR           shift, and go to state 12
    SHORT          shift, and go to state 13
    INT            shift, and go to state 14
    LONG           shift, and go to state 15
    SIGNED         shift, and go to state 16
    UNSIGNED       shift, and go to state 17
    FLOAT          shift, and go to state 18
    DOUBLE         shift, and go to state 19
    VOID           shift, and go to state 20
    COMPLEX        shift, and go to state 21
    IMAGINARY      shift, and go to state 22
    STRUCT         shift, and go to state 23
    UNION          shift, and go to state 24
    ENUM           shift, and go to state 25
    ATOMIC         shift, and go to state 27
    STATIC_ASSERT  shift, and go to state 29
    '}'            shift, and go to state 246

    type_specifier             go to state 115
    struct_or_union_specifier  go to state 35
    struct_or_union            go to state 36
    struct_declaration         go to state 247
    specifier_qualifier_list   go to state 140
    enum_specifier             go to state 37
    atomic_type_specifier      go to state 38
    type_qualifier             go to state 117
    static_assert_declaration  go to state 141


State 139

  142 struct_declaration_list: struct_declaration •

    $default  reduce using rule 142 (struct_declaration_list)


State 140

  144 struct_declaration: specifier_qualifier_list • ';'
  145                   | specifier_qualifier_list • struct_declarator_list ';'

    IDENTIFIER  shift, and go to state 51
    '('         shift, and go to state 52
    ':'         shift, and go to state 248
    '*'         shift, and go to state 53
    ';'         shift, and go to state 249

    struct_declarator_list  go to state 250
    struct_declarator       go to state 251
    declarator              go to state 252
    direct_declarator       go to state 58
    pointer                 go to state 59


State 141

  146 struct_declaration: static_assert_declaration •

    $default  reduce using rule 146 (struct_declaration)


State 142

  158 enum_specifier: ENUM IDENTIFIER '{' enumerator_list • '}'
  159               | ENUM IDENTIFIER '{' enumerator_list • ',' '}'
  162 enumerator_list: enumerator_list • ',' enumerator

    ','  shift, and go to state 253
    '}'  shift, and go to state 254


State 143

  163 enumerator: enumeration_constant '=' • constant_expression

    IDENTIFIER            shift, and go to state 74
    I_CONSTANT            shift, and go to state 75
    F_CONSTANT            shift, and go to state 76
    STRING_LITERAL        shift, and go to state 77
    FUNC_NAME             shift, and go to state 78
    SIZEOF                shift, and go to state 79
    INC_OP                shift, and go to state 80
    DEC_OP                shift, and go to state 81
    ENUMERATION_CONSTANT  shift, and go to state 82
    ALIGNOF               shift, and go to state 83
    GENERIC               shift, and go to state 84
    FSTRING_START         shift, and go to state 85
    '('                   shift, and go to state 86
    '&'                   shift, and go to state 87
    '*'                   shift, and go to state 88
    '+'                   shift, and go to state 89
    '-'                   shift, and go to state 90
    '~'                   shift, and go to state 91
    '!'                   shift, and go to state 92

    primary_expression         go to state 93
    f_string_expression        go to state 94
    constant                   go to state 95
    string                     go to state 96
    generic_selection          go to state 97
    postfix_expression         go to state 98
    unary_expression           go to state 99
    unary_operator             go to state 100
    cast_expression            go to state 101
    multiplicative_expression  go to state 102
    additive_expression        go to state 103
    shift_expression           go to state 104
    concatenation_expression   go to state 105
    relational_expression      go to state 106
    equality_expression        go to state 107
    and_expression             go to state 108
    exclusive_or_expression    go to state 109
    inclusive_or_expression    go to state 110
    logical_and_expression     go to state 111
    logical_or_expression      go to state 112
    conditional_expression     go to state 113
    constant_expression        go to state 255


State 144

  157 enum_specifier: ENUM '{' enumerator_list ',' • '}'
  162 enumerator_list: enumerator_list ',' • enumerator

    IDENTIFIER  shift, and go to state 70
    '}'         shift, and go to state 256

    enumeration_constant  go to state 71
    enumerator            go to state 257


State 145

  156 enum_specifier: ENUM '{' enumerator_list '}' •

    $default  reduce using rule 156 (enum_specifier)


State 146

    4 primary_expression: '(' • expression ')'
   31 postfix_expression: '(' • type_name ')' '{' initializer_list '}'
   32                   | '(' • type_name ')' '{' initializer_list ',' '}'
   40 unary_expression: SIZEOF '(' • type_name ')'

    IDENTIFIER            shift, and go to state 74
    I_CONSTANT            shift, and go to state 75
    F_CONSTANT            shift, and go to state 76
    STRING_LITERAL        shift, and go to state 77
    FUNC_NAME             shift, and go to state 78
    SIZEOF                shift, and go to state 79
    INC_OP                shift, and go to state 80
    DEC_OP                shift, and go to state 81
    TYPEDEF_NAME          shift, and go to state 1
    ENUMERATION_CONSTANT  shift, and go to state 82
    CONST                 shift, and go to state 8
    RESTRICT              shift, and go to state 9
    VOLATILE              shift, and go to state 10
    BOOL                  shift, and go to state 11
    CHAR                  shift, and go to state 12
    SHORT                 shift, and go to state 13
    INT                   shift, and go to state 14
    LONG                  shift, and go to state 15
    SIGNED                shift, and go to state 16
    UNSIGNED              shift, and go to state 17
    FLOAT                 shift, and go to state 18
    DOUBLE                shift, and go to state 19
    VOID                  shift, and go to state 20
    COMPLEX               shift, and go to state 21
    IMAGINARY             shift, and go to state 22
    STRUCT                shift, and go to state 23
    UNION                 shift, and go to state 24
    ENUM                  shift, and go to state 25
    ALIGNOF               shift, and go to state 83
    ATOMIC                shift, and go to state 27
    GENERIC               shift, and go to state 84
    FSTRING_START         shift, and go to state 85
    '('                   shift, and go to state 86
    '&'                   shift, and go to state 87
    '*'                   shift, and go to state 88
    '+'                   shift, and go to state 89
    '-'                   shift, and go to state 90
    '~'                   shift, and go to state 91
    '!'                   shift, and go to state 92

    primary_expression         go to state 93
    f_string_expression        go to state 94
    constant                   go to state 95
    string                     go to state 96
    generic_selection          go to state 97
    postfix_expression         go to state 98
    unary_expression           go to state 154
    unary_operator             go to state 100
    cast_expression            go to state 101
    multiplicative_expression  go to state 102
    additive_expression        go to state 103
    shift_expression           go to state 104
    concatenation_expression   go to state 105
    relational_expression      go to state 106
    equality_expression        go to state 107
    and_expression             go to state 108
    exclusive_or_expression    go to state 109
    inclusive_or_expression    go to state 110
    logical_and_expression     go to state 111
    logical_or_expression      go to state 112
    conditional_expression     go to state 155
    assignment_expression      go to state 156
    expression                 go to state 157
    type_specifier             go to state 115
    struct_or_union_specifier  go to state 35
    struct_or_union            go to state 36
    specifier_qualifier_list   go to state 116
    enum_specifier             go to state 37
    atomic_type_specifier      go to state 38
    type_qualifier             go to state 117
    type_name                  go to state 258


State 147

   39 unary_expression: SIZEOF unary_expression •

    $default  reduce using rule 39 (unary_expression)


State 148

    4 primary_expression: '(' • expression ')'
   31 postfix_expression: '(' • type_name ')' '{' initializer_list '}'
   32                   | '(' • type_name ')' '{' initializer_list ',' '}'

    IDENTIFIER            shift, and go to state 74
    I_CONSTANT            shift, and go to state 75
    F_CONSTANT            shift, and go to state 76
    STRING_LITERAL        shift, and go to state 77
    FUNC_NAME             shift, and go to state 78
    SIZEOF                shift, and go to state 79
    INC_OP                shift, and go to state 80
    DEC_OP                shift, and go to state 81
    TYPEDEF_NAME          shift, and go to state 1
    ENUMERATION_CONSTANT  shift, and go to state 82
    CONST                 shift, and go to state 8
    RESTRICT              shift, and go to state 9
    VOLATILE              shift, and go to state 10
    BOOL                  shift, and go to state 11
    CHAR                  shift, and go to state 12
    SHORT                 shift, and go to state 13
    INT                   shift, and go to state 14
    LONG                  shift, and go to state 15
    SIGNED                shift, and go to state 16
    UNSIGNED              shift, and go to state 17
    FLOAT                 shift, and go to state 18
    DOUBLE                shift, and go to state 19
    VOID                  shift, and go to state 20
    COMPLEX               shift, and go to state 21
    IMAGINARY             shift, and go to state 22
    STRUCT                shift, and go to state 23
    UNION                 shift, and go to state 24
    ENUM                  shift, and go to state 25
    ALIGNOF               shift, and go to state 83
    ATOMIC                shift, and go to state 27
    GENERIC               shift, and go to state 84
    FSTRING_START         shift, and go to state 85
    '('                   shift, and go to state 86
    '&'                   shift, and go to state 87
    '*'                   shift, and go to state 88
    '+'                   shift, and go to state 89
    '-'                   shift, and go to state 90
    '~'                   shift, and go to state 91
    '!'                   shift, and go to state 92

    primary_expression         go to state 93
    f_string_expression        go to state 94
    constant                   go to state 95
    string                     go to state 96
    generic_selection          go to state 97
    postfix_expression         go to state 98
    unary_expression           go to state 154
    unary_operator             go to state 100
    cast_expression            go to state 101
    multiplicative_expression  go to state 102
    additive_expression        go to state 103
    shift_expression           go to state 104
    concatenation_expression   go to state 105
    relational_expression      go to state 106
    equality_expression        go to state 107
    and_expression             go to state 108
    exclusive_or_expression    go to state 109
    inclusive_or_expression    go to state 110
    logical_and_expression     go to state 111
    logical_or_expression      go to state 112
    conditional_expression     go to state 155
    assignment_expression      go to state 156
    expression                 go to state 157
    type_specifier             go to state 115
    struct_or_union_specifier  go to state 35
    struct_or_union            go to state 36
    specifier_qualifier_list   go to state 116
    enum_specifier             go to state 37
    atomic_type_specifier      go to state 38
    type_qualifier             go to state 117
    type_name                  go to state 259


State 149

   36 unary_expression: INC_OP unary_expression •

    $default  reduce using rule 36 (unary_expression)


State 150

   37 unary_expression: DEC_OP unary_expression •

    $default  reduce using rule 37 (unary_expression)


State 151

   41 unary_expression: ALIGNOF '(' • type_name ')'

    TYPEDEF_NAME  shift, and go to state 1
    CONST         shift, and go to state 8
    RESTRICT      shift, and go to state 9
    VOLATILE      shift, and go to state 10
    BOOL          shift, and go to state 11
    CHAR          shift, and go to state 12
    SHORT         shift, and go to state 13
    INT           shift, and go to state 14
    LONG          shift, and go to state 15
    SIGNED        shift, and go to state 16
    UNSIGNED      shift, and go to state 17
    FLOAT         shift, and go to state 18
    DOUBLE        shift, and go to state 19
    VOID          shift, and go to state 20
    COMPLEX       shift, and go to state 21
    IMAGINARY     shift, and go to state 22
    STRUCT        shift, and go to state 23
    UNION         shift, and go to state 24
    ENUM          shift, and go to state 25
    ATOMIC        shift, and go to state 27

    type_specifier             go to state 115
    struct_or_union_specifier  go to state 35
    struct_or_union            go to state 36
    specifier_qualifier_list   go to state 116
    enum_specifier             go to state 37
    atomic_type_specifier      go to state 38
    type_qualifier             go to state 117
    type_name                  go to state 260


State 152

   18 generic_selection: GENERIC '(' • assignment_expression ',' generic_assoc_list ')'

    IDENTIFIER            shift, and go to state 74
    I_CONSTANT            shift, and go to state 75
    F_CONSTANT            shift, and go to state 76
    STRING_LITERAL        shift, and go to state 77
    FUNC_NAME             shift, and go to state 78
    SIZEOF                shift, and go to state 79
    INC_OP                shift, and go to state 80
    DEC_OP                shift, and go to state 81
    ENUMERATION_CONSTANT  shift, and go to state 82
    ALIGNOF               shift, and go to state 83
    GENERIC               shift, and go to state 84
    FSTRING_START         shift, and go to state 85
    '('                   shift, and go to state 86
    '&'                   shift, and go to state 87
    '*'                   shift, and go to state 88
    '+'                   shift, and go to state 89
    '-'                   shift, and go to state 90
    '~'                   shift, and go to state 91
    '!'                   shift, and go to state 92

    primary_expression         go to state 93
    f_string_expression        go to state 94
    constant                   go to state 95
    string                     go to state 96
    generic_selection          go to state 97
    postfix_expression         go to state 98
    unary_expression           go to state 154
    unary_operator             go to state 100
    cast_expression            go to state 101
    multiplicative_expression  go to state 102
    additive_expression        go to state 103
    shift_expression           go to state 104
    concatenation_expression   go to state 105
    relational_expression      go to state 106
    equality_expression        go to state 107
    and_expression             go to state 108
    exclusive_or_expression    go to state 109
    inclusive_or_expression    go to state 110
    logical_and_expression     go to state 111
    logical_or_expression      go to state 112
    conditional_expression     go to state 155
    assignment_expression      go to state 261


State 153

    7 f_string_expression: FSTRING_START f_string_body • FSTRING_END
    9 f_string_body: f_string_body • STRING_LITERAL_PART
   10              | f_string_body • interpolation_block

    FSTRING_END          shift, and go to state 262
    INTERPOLATION_START  shift, and go to state 263
    STRING_LITERAL_PART  shift, and go to state 264

    interpolation_block  go to state 265


State 154

   48 cast_expression: unary_expression •
   83 assignment_expression: unary_expression • assignment_operator assignment_expression

    MUL_ASSIGN    shift, and go to state 266
    DIV_ASSIGN    shift, and go to state 267
    MOD_ASSIGN    shift, and go to state 268
    ADD_ASSIGN    shift, and go to state 269
    SUB_ASSIGN    shift, and go to state 270
    LEFT_ASSIGN   shift, and go to state 271
    RIGHT_ASSIGN  shift, and go to state 272
    AND_ASSIGN    shift, and go to state 273
    XOR_ASSIGN    shift, and go to state 274
    OR_ASSIGN     shift, and go to state 275
    '='           shift, and go to state 276

    $default  reduce using rule 48 (cast_expression)

    assignment_operator  go to state 277


State 155

   82 assignment_expression: conditional_expression •

    $default  reduce using rule 82 (assignment_expression)


State 156

   95 expression: assignment_expression •

    $default  reduce using rule 95 (expression)


State 157

    4 primary_expression: '(' expression • ')'
   96 expression: expression • ',' assignment_expression

    ')'  shift, and go to state 278
    ','  shift, and go to state 279


State 158

   31 postfix_expression: '(' type_name • ')' '{' initializer_list '}'
   32                   | '(' type_name • ')' '{' initializer_list ',' '}'
   49 cast_expression: '(' type_name • ')' cast_expression

    ')'  shift, and go to state 280


State 159

   28 postfix_expression: postfix_expression PTR_OP • IDENTIFIER

    IDENTIFIER  shift, and go to state 281


State 160

   29 postfix_expression: postfix_expression INC_OP •

    $default  reduce using rule 29 (postfix_expression)


State 161

   30 postfix_expression: postfix_expression DEC_OP •

    $default  reduce using rule 30 (postfix_expression)


State 162

   25 postfix_expression: postfix_expression '(' • ')'
   26                   | postfix_expression '(' • argument_expression_list ')'

    IDENTIFIER            shift, and go to state 74
    I_CONSTANT            shift, and go to state 75
    F_CONSTANT            shift, and go to state 76
    STRING_LITERAL        shift, and go to state 77
    FUNC_NAME             shift, and go to state 78
    SIZEOF                shift, and go to state 79
    INC_OP                shift, and go to state 80
    DEC_OP                shift, and go to state 81
    ENUMERATION_CONSTANT  shift, and go to state 82
    ALIGNOF               shift, and go to state 83
    GENERIC               shift, and go to state 84
    FSTRING_START         shift, and go to state 85
    '('                   shift, and go to state 86
    ')'                   shift, and go to state 282
    '&'                   shift, and go to state 87
    '*'                   shift, and go to state 88
    '+'                   shift, and go to state 89
    '-'                   shift, and go to state 90
    '~'                   shift, and go to state 91
    '!'                   shift, and go to state 92

    primary_expression         go to state 93
    f_string_expression        go to state 94
    constant                   go to state 95
    string                     go to state 96
    generic_selection          go to state 97
    postfix_expression         go to state 98
    argument_expression_list   go to state 283
    unary_expression           go to state 154
    unary_operator             go to state 100
    cast_expression            go to state 101
    multiplicative_expression  go to state 102
    additive_expression        go to state 103
    shift_expression           go to state 104
    concatenation_expression   go to state 105
    relational_expression      go to state 106
    equality_expression        go to state 107
    and_expression             go to state 108
    exclusive_or_expression    go to state 109
    inclusive_or_expression    go to state 110
    logical_and_expression     go to state 111
    logical_or_expression      go to state 112
    conditional_expression     go to state 155
    assignment_expression      go to state 284


State 163

   24 postfix_expression: postfix_expression '[' • expression ']'

    IDENTIFIER            shift, and go to state 74
    I_CONSTANT            shift, and go to state 75
    F_CONSTANT            shift, and go to state 76
    STRING_LITERAL        shift, and go to state 77
    FUNC_NAME             shift, and go to state 78
    SIZEOF                shift, and go to state 79
    INC_OP                shift, and go to state 80
    DEC_OP                shift, and go to state 81
    ENUMERATION_CONSTANT  shift, and go to state 82
    ALIGNOF               shift, and go to state 83
    GENERIC               shift, and go to state 84
    FSTRING_START         shift, and go to state 85
    '('                   shift, and go to state 86
    '&'                   shift, and go to state 87
    '*'                   shift, and go to state 88
    '+'                   shift, and go to state 89
    '-'                   shift, and go to state 90
    '~'                   shift, and go to state 91
    '!'                   shift, and go to state 92

    primary_expression         go to state 93
    f_string_expression        go to state 94
    constant                   go to state 95
    string                     go to state 96
    generic_selection          go to state 97
    postfix_expression         go to state 98
    unary_expression           go to state 154
    unary_operator             go to state 100
    cast_expression            go to state 101
    multiplicative_expression  go to state 102
    additive_expression        go to state 103
    shift_expression           go to state 104
    concatenation_expression   go to state 105
    relational_expression      go to state 106
    equality_expression        go to state 107
    and_expression             go to state 108
    exclusive_or_expression    go to state 109
    inclusive_or_expression    go to state 110
    logical_and_expression     go to state 111
    logical_or_expression      go to state 112
    conditional_expression     go to state 155
    assignment_expression      go to state 156
    expression                 go to state 285


State 164

   27 postfix_expression: postfix_expression '.' • IDENTIFIER

    IDENTIFIER  shift, and go to state 286


State 165

   38 unary_expression: unary_operator cast_expression •

    $default  reduce using rule 38 (unary_expression)


State 166

   51 multiplicative_expression: multiplicative_expression '*' • cast_expression

    IDENTIFIER            shift, and go to state 74
    I_CONSTANT            shift, and go to state 75
    F_CONSTANT            shift, and go to state 76
    STRING_LITERAL        shift, and go to state 77
    FUNC_NAME             shift, and go to state 78
    SIZEOF                shift, and go to state 79
    INC_OP                shift, and go to state 80
    DEC_OP                shift, and go to state 81
    ENUMERATION_CONSTANT  shift, and go to state 82
    ALIGNOF               shift, and go to state 83
    GENERIC               shift, and go to state 84
    FSTRING_START         shift, and go to state 85
    '('                   shift, and go to state 86
    '&'                   shift, and go to state 87
    '*'                   shift, and go to state 88
    '+'                   shift, and go to state 89
    '-'                   shift, and go to state 90
    '~'                   shift, and go to state 91
    '!'                   shift, and go to state 92

    primary_expression   go to state 93
    f_string_expression  go to state 94
    constant             go to state 95
    string               go to state 96
    generic_selection    go to state 97
    postfix_expression   go to state 98
    unary_expression     go to state 99
    unary_operator       go to state 100
    cast_expression      go to state 287


State 167

   52 multiplicative_expression: multiplicative_expression '/' • cast_expression

    IDENTIFIER            shift, and go to state 74
    I_CONSTANT            shift, and go to state 75
    F_CONSTANT            shift, and go to state 76
    STRING_LITERAL        shift, and go to state 77
    FUNC_NAME             shift, and go to state 78
    SIZEOF                shift, and go to state 79
    INC_OP                shift, and go to state 80
    DEC_OP                shift, and go to state 81
    ENUMERATION_CONSTANT  shift, and go to state 82
    ALIGNOF               shift, and go to state 83
    GENERIC               shift, and go to state 84
    FSTRING_START         shift, and go to state 85
    '('                   shift, and go to state 86
    '&'                   shift, and go to state 87
    '*'                   shift, and go to state 88
    '+'                   shift, and go to state 89
    '-'                   shift, and go to state 90
    '~'                   shift, and go to state 91
    '!'                   shift, and go to state 92

    primary_expression   go to state 93
    f_string_expression  go to state 94
    constant             go to state 95
    string               go to state 96
    generic_selection    go to state 97
    postfix_expression   go to state 98
    unary_expression     go to state 99
    unary_operator       go to state 100
    cast_expression      go to state 288


State 168

   53 multiplicative_expression: multiplicative_expression '%' • cast_expression

    IDENTIFIER            shift, and go to state 74
    I_CONSTANT            shift, and go to state 75
    F_CONSTANT            shift, and go to state 76
    STRING_LITERAL        shift, and go to state 77
    FUNC_NAME             shift, and go to state 78
    SIZEOF                shift, and go to state 79
    INC_OP                shift, and go to state 80
    DEC_OP                shift, and go to state 81
    ENUMERATION_CONSTANT  shift, and go to state 82
    ALIGNOF               shift, and go to state 83
    GENERIC               shift, and go to state 84
    FSTRING_START         shift, and go to state 85
    '('                   shift, and go to state 86
    '&'                   shift, and go to state 87
    '*'                   shift, and go to state 88
    '+'                   shift, and go to state 89
    '-'                   shift, and go to state 90
    '~'                   shift, and go to state 91
    '!'                   shift, and go to state 92

    primary_expression   go to state 93
    f_string_expression  go to state 94
    constant             go to state 95
    string               go to state 96
    generic_selection    go to state 97
    postfix_expression   go to state 98
    unary_expression     go to state 99
    unary_operator       go to state 100
    cast_expression      go to state 289


State 169

   55 additive_expression: additive_expression '+' • multiplicative_expression

    IDENTIFIER            shift, and go to state 74
    I_CONSTANT            shift, and go to state 75
    F_CONSTANT            shift, and go to state 76
    STRING_LITERAL        shift, and go to state 77
    FUNC_NAME             shift, and go to state 78
    SIZEOF                shift, and go to state 79
    INC_OP                shift, and go to state 80
    DEC_OP                shift, and go to state 81
    ENUMERATION_CONSTANT  shift, and go to state 82
    ALIGNOF               shift, and go to state 83
    GENERIC               shift, and go to state 84
    FSTRING_START         shift, and go to state 85
    '('                   shift, and go to state 86
    '&'                   shift, and go to state 87
    '*'                   shift, and go to state 88
    '+'                   shift, and go to state 89
    '-'                   shift, and go to state 90
    '~'                   shift, and go to state 91
    '!'                   shift, and go to state 92

    primary_expression         go to state 93
    f_string_expression        go to state 94
    constant                   go to state 95
    string                     go to state 96
    generic_selection          go to state 97
    postfix_expression         go to state 98
    unary_expression           go to state 99
    unary_operator             go to state 100
    cast_expression            go to state 101
    multiplicative_expression  go to state 290


State 170

   56 additive_expression: additive_expression '-' • multiplicative_expression

    IDENTIFIER            shift, and go to state 74
    I_CONSTANT            shift, and go to state 75
    F_CONSTANT            shift, and go to state 76
    STRING_LITERAL        shift, and go to state 77
    FUNC_NAME             shift, and go to state 78
    SIZEOF                shift, and go to state 79
    INC_OP                shift, and go to state 80
    DEC_OP                shift, and go to state 81
    ENUMERATION_CONSTANT  shift, and go to state 82
    ALIGNOF               shift, and go to state 83
    GENERIC               shift, and go to state 84
    FSTRING_START         shift, and go to state 85
    '('                   shift, and go to state 86
    '&'                   shift, and go to state 87
    '*'                   shift, and go to state 88
    '+'                   shift, and go to state 89
    '-'                   shift, and go to state 90
    '~'                   shift, and go to state 91
    '!'                   shift, and go to state 92

    primary_expression         go to state 93
    f_string_expression        go to state 94
    constant                   go to state 95
    string                     go to state 96
    generic_selection          go to state 97
    postfix_expression         go to state 98
    unary_expression           go to state 99
    unary_operator             go to state 100
    cast_expression            go to state 101
    multiplicative_expression  go to state 291


State 171

   58 shift_expression: shift_expression LEFT_OP • additive_expression

    IDENTIFIER            shift, and go to state 74
    I_CONSTANT            shift, and go to state 75
    F_CONSTANT            shift, and go to state 76
    STRING_LITERAL        shift, and go to state 77
    FUNC_NAME             shift, and go to state 78
    SIZEOF                shift, and go to state 79
    INC_OP                shift, and go to state 80
    DEC_OP                shift, and go to state 81
    ENUMERATION_CONSTANT  shift, and go to state 82
    ALIGNOF               shift, and go to state 83
    GENERIC               shift, and go to state 84
    FSTRING_START         shift, and go to state 85
    '('                   shift, and go to state 86
    '&'                   shift, and go to state 87
    '*'                   shift, and go to state 88
    '+'                   shift, and go to state 89
    '-'                   shift, and go to state 90
    '~'                   shift, and go to state 91
    '!'                   shift, and go to state 92

    primary_expression         go to state 93
    f_string_expression        go to state 94
    constant                   go to state 95
    string                     go to state 96
    generic_selection          go to state 97
    postfix_expression         go to state 98
    unary_expression           go to state 99
    unary_operator             go to state 100
    cast_expression            go to state 101
    multiplicative_expression  go to state 102
    additive_expression        go to state 292


State 172

   59 shift_expression: shift_expression RIGHT_OP • additive_expression

    IDENTIFIER            shift, and go to state 74
    I_CONSTANT            shift, and go to state 75
    F_CONSTANT            shift, and go to state 76
    STRING_LITERAL        shift, and go to state 77
    FUNC_NAME             shift, and go to state 78
    SIZEOF                shift, and go to state 79
    INC_OP                shift, and go to state 80
    DEC_OP                shift, and go to state 81
    ENUMERATION_CONSTANT  shift, and go to state 82
    ALIGNOF               shift, and go to state 83
    GENERIC               shift, and go to state 84
    FSTRING_START         shift, and go to state 85
    '('                   shift, and go to state 86
    '&'                   shift, and go to state 87
    '*'                   shift, and go to state 88
    '+'                   shift, and go to state 89
    '-'                   shift, and go to state 90
    '~'                   shift, and go to state 91
    '!'                   shift, and go to state 92

    primary_expression         go to state 93
    f_string_expression        go to state 94
    constant                   go to state 95
    string                     go to state 96
    generic_selection          go to state 97
    postfix_expression         go to state 98
    unary_expression           go to state 99
    unary_operator             go to state 100
    cast_expression            go to state 101
    multiplicative_expression  go to state 102
    additive_expression        go to state 293


State 173

   61 concatenation_expression: concatenation_expression '@' • shift_expression

    IDENTIFIER            shift, and go to state 74
    I_CONSTANT            shift, and go to state 75
    F_CONSTANT            shift, and go to state 76
    STRING_LITERAL        shift, and go to state 77
    FUNC_NAME             shift, and go to state 78
    SIZEOF                shift, and go to state 79
    INC_OP                shift, and go to state 80
    DEC_OP                shift, and go to state 81
    ENUMERATION_CONSTANT  shift, and go to state 82
    ALIGNOF               shift, and go to state 83
    GENERIC               shift, and go to state 84
    FSTRING_START         shift, and go to state 85
    '('                   shift, and go to state 86
    '&'                   shift, and go to state 87
    '*'                   shift, and go to state 88
    '+'                   shift, and go to state 89
    '-'                   shift, and go to state 90
    '~'                   shift, and go to state 91
    '!'                   shift, and go to state 92

    primary_expression         go to state 93
    f_string_expression        go to state 94
    constant                   go to state 95
    string                     go to state 96
    generic_selection          go to state 97
    postfix_expression         go to state 98
    unary_expression           go to state 99
    unary_operator             go to state 100
    cast_expression            go to state 101
    multiplicative_expression  go to state 102
    additive_expression        go to state 103
    shift_expression           go to state 294


State 174

   65 relational_expression: relational_expression LE_OP • concatenation_expression

    IDENTIFIER            shift, and go to state 74
    I_CONSTANT            shift, and go to state 75
    F_CONSTANT            shift, and go to state 76
    STRING_LITERAL        shift, and go to state 77
    FUNC_NAME             shift, and go to state 78
    SIZEOF                shift, and go to state 79
    INC_OP                shift, and go to state 80
    DEC_OP                shift, and go to state 81
    ENUMERATION_CONSTANT  shift, and go to state 82
    ALIGNOF               shift, and go to state 83
    GENERIC               shift, and go to state 84
    FSTRING_START         shift, and go to state 85
    '('                   shift, and go to state 86
    '&'                   shift, and go to state 87
    '*'                   shift, and go to state 88
    '+'                   shift, and go to state 89
    '-'                   shift, and go to state 90
    '~'                   shift, and go to state 91
    '!'                   shift, and go to state 92

    primary_expression         go to state 93
    f_string_expression        go to state 94
    constant                   go to state 95
    string                     go to state 96
    generic_selection          go to state 97
    postfix_expression         go to state 98
    unary_expression           go to state 99
    unary_operator             go to state 100
    cast_expression            go to state 101
    multiplicative_expression  go to state 102
    additive_expression        go to state 103
    shift_expression           go to state 104
    concatenation_expression   go to state 295


State 175

   66 relational_expression: relational_expression GE_OP • concatenation_expression

    IDENTIFIER            shift, and go to state 74
    I_CONSTANT            shift, and go to state 75
    F_CONSTANT            shift, and go to state 76
    STRING_LITERAL        shift, and go to state 77
    FUNC_NAME             shift, and go to state 78
    SIZEOF                shift, and go to state 79
    INC_OP                shift, and go to state 80
    DEC_OP                shift, and go to state 81
    ENUMERATION_CONSTANT  shift, and go to state 82
    ALIGNOF               shift, and go to state 83
    GENERIC               shift, and go to state 84
    FSTRING_START         shift, and go to state 85
    '('                   shift, and go to state 86
    '&'                   shift, and go to state 87
    '*'                   shift, and go to state 88
    '+'                   shift, and go to state 89
    '-'                   shift, and go to state 90
    '~'                   shift, and go to state 91
    '!'                   shift, and go to state 92

    primary_expression         go to state 93
    f_string_expression        go to state 94
    constant                   go to state 95
    string                     go to state 96
    generic_selection          go to state 97
    postfix_expression         go to state 98
    unary_expression           go to state 99
    unary_operator             go to state 100
    cast_expression            go to state 101
    multiplicative_expression  go to state 102
    additive_expression        go to state 103
    shift_expression           go to state 104
    concatenation_expression   go to state 296


State 176

   67 relational_expression: relational_expression TH_OP • concatenation_expression

    IDENTIFIER            shift, and go to state 74
    I_CONSTANT            shift, and go to state 75
    F_CONSTANT            shift, and go to state 76
    STRING_LITERAL        shift, and go to state 77
    FUNC_NAME             shift, and go to state 78
    SIZEOF                shift, and go to state 79
    INC_OP                shift, and go to state 80
    DEC_OP                shift, and go to state 81
    ENUMERATION_CONSTANT  shift, and go to state 82
    ALIGNOF               shift, and go to state 83
    GENERIC               shift, and go to state 84
    FSTRING_START         shift, and go to state 85
    '('                   shift, and go to state 86
    '&'                   shift, and go to state 87
    '*'                   shift, and go to state 88
    '+'                   shift, and go to state 89
    '-'                   shift, and go to state 90
    '~'                   shift, and go to state 91
    '!'                   shift, and go to state 92

    primary_expression         go to state 93
    f_string_expression        go to state 94
    constant                   go to state 95
    string                     go to state 96
    generic_selection          go to state 97
    postfix_expression         go to state 98
    unary_expression           go to state 99
    unary_operator             go to state 100
    cast_expression            go to state 101
    multiplicative_expression  go to state 102
    additive_expression        go to state 103
    shift_expression           go to state 104
    concatenation_expression   go to state 297


State 177

   63 relational_expression: relational_expression '<' • concatenation_expression

    IDENTIFIER            shift, and go to state 74
    I_CONSTANT            shift, and go to state 75
    F_CONSTANT            shift, and go to state 76
    STRING_LITERAL        shift, and go to state 77
    FUNC_NAME             shift, and go to state 78
    SIZEOF                shift, and go to state 79
    INC_OP                shift, and go to state 80
    DEC_OP                shift, and go to state 81
    ENUMERATION_CONSTANT  shift, and go to state 82
    ALIGNOF               shift, and go to state 83
    GENERIC               shift, and go to state 84
    FSTRING_START         shift, and go to state 85
    '('                   shift, and go to state 86
    '&'                   shift, and go to state 87
    '*'                   shift, and go to state 88
    '+'                   shift, and go to state 89
    '-'                   shift, and go to state 90
    '~'                   shift, and go to state 91
    '!'                   shift, and go to state 92

    primary_expression         go to state 93
    f_string_expression        go to state 94
    constant                   go to state 95
    string                     go to state 96
    generic_selection          go to state 97
    postfix_expression         go to state 98
    unary_expression           go to state 99
    unary_operator             go to state 100
    cast_expression            go to state 101
    multiplicative_expression  go to state 102
    additive_expression        go to state 103
    shift_expression           go to state 104
    concatenation_expression   go to state 298


State 178

   64 relational_expression: relational_expression '>' • concatenation_expression

    IDENTIFIER            shift, and go to state 74
    I_CONSTANT            shift, and go to state 75
    F_CONSTANT            shift, and go to state 76
    STRING_LITERAL        shift, and go to state 77
    FUNC_NAME             shift, and go to state 78
    SIZEOF                shift, and go to state 79
    INC_OP                shift, and go to state 80
    DEC_OP                shift, and go to state 81
    ENUMERATION_CONSTANT  shift, and go to state 82
    ALIGNOF               shift, and go to state 83
    GENERIC               shift, and go to state 84
    FSTRING_START         shift, and go to state 85
    '('                   shift, and go to state 86
    '&'                   shift, and go to state 87
    '*'                   shift, and go to state 88
    '+'                   shift, and go to state 89
    '-'                   shift, and go to state 90
    '~'                   shift, and go to state 91
    '!'                   shift, and go to state 92

    primary_expression         go to state 93
    f_string_expression        go to state 94
    constant                   go to state 95
    string                     go to state 96
    generic_selection          go to state 97
    postfix_expression         go to state 98
    unary_expression           go to state 99
    unary_operator             go to state 100
    cast_expression            go to state 101
    multiplicative_expression  go to state 102
    additive_expression        go to state 103
    shift_expression           go to state 104
    concatenation_expression   go to state 299


State 179

   69 equality_expression: equality_expression EQ_OP • relational_expression

    IDENTIFIER            shift, and go to state 74
    I_CONSTANT            shift, and go to state 75
    F_CONSTANT            shift, and go to state 76
    STRING_LITERAL        shift, and go to state 77
    FUNC_NAME             shift, and go to state 78
    SIZEOF                shift, and go to state 79
    INC_OP                shift, and go to state 80
    DEC_OP                shift, and go to state 81
    ENUMERATION_CONSTANT  shift, and go to state 82
    ALIGNOF               shift, and go to state 83
    GENERIC               shift, and go to state 84
    FSTRING_START         shift, and go to state 85
    '('                   shift, and go to state 86
    '&'                   shift, and go to state 87
    '*'                   shift, and go to state 88
    '+'                   shift, and go to state 89
    '-'                   shift, and go to state 90
    '~'                   shift, and go to state 91
    '!'                   shift, and go to state 92

    primary_expression         go to state 93
    f_string_expression        go to state 94
    constant                   go to state 95
    string                     go to state 96
    generic_selection          go to state 97
    postfix_expression         go to state 98
    unary_expression           go to state 99
    unary_operator             go to state 100
    cast_expression            go to state 101
    multiplicative_expression  go to state 102
    additive_expression        go to state 103
    shift_expression           go to state 104
    concatenation_expression   go to state 105
    relational_expression      go to state 300


State 180

   70 equality_expression: equality_expression NE_OP • relational_expression

    IDENTIFIER            shift, and go to state 74
    I_CONSTANT            shift, and go to state 75
    F_CONSTANT            shift, and go to state 76
    STRING_LITERAL        shift, and go to state 77
    FUNC_NAME             shift, and go to state 78
    SIZEOF                shift, and go to state 79
    INC_OP                shift, and go to state 80
    DEC_OP                shift, and go to state 81
    ENUMERATION_CONSTANT  shift, and go to state 82
    ALIGNOF               shift, and go to state 83
    GENERIC               shift, and go to state 84
    FSTRING_START         shift, and go to state 85
    '('                   shift, and go to state 86
    '&'                   shift, and go to state 87
    '*'                   shift, and go to state 88
    '+'                   shift, and go to state 89
    '-'                   shift, and go to state 90
    '~'                   shift, and go to state 91
    '!'                   shift, and go to state 92

    primary_expression         go to state 93
    f_string_expression        go to state 94
    constant                   go to state 95
    string                     go to state 96
    generic_selection          go to state 97
    postfix_expression         go to state 98
    unary_expression           go to state 99
    unary_operator             go to state 100
    cast_expression            go to state 101
    multiplicative_expression  go to state 102
    additive_expression        go to state 103
    shift_expression           go to state 104
    concatenation_expression   go to state 105
    relational_expression      go to state 301


State 181

   72 and_expression: and_expression '&' • equality_expression

    IDENTIFIER            shift, and go to state 74
    I_CONSTANT            shift, and go to state 75
    F_CONSTANT            shift, and go to state 76
    STRING_LITERAL        shift, and go to state 77
    FUNC_NAME             shift, and go to state 78
    SIZEOF                shift, and go to state 79
    INC_OP                shift, and go to state 80
    DEC_OP                shift, and go to state 81
    ENUMERATION_CONSTANT  shift, and go to state 82
    ALIGNOF               shift, and go to state 83
    GENERIC               shift, and go to state 84
    FSTRING_START         shift, and go to state 85
    '('                   shift, and go to state 86
    '&'                   shift, and go to state 87
    '*'                   shift, and go to state 88
    '+'                   shift, and go to state 89
    '-'                   shift, and go to state 90
    '~'                   shift, and go to state 91
    '!'                   shift, and go to state 92

    primary_expression         go to state 93
    f_string_expression        go to state 94
    constant                   go to state 95
    string                     go to state 96
    generic_selection          go to state 97
    postfix_expression         go to state 98
    unary_expression           go to state 99
    unary_operator             go to state 100
    cast_expression            go to state 101
    multiplicative_expression  go to state 102
    additive_expression        go to state 103
    shift_expression           go to state 104
    concatenation_expression   go to state 105
    relational_expression      go to state 106
    equality_expression        go to state 302


State 182

   74 exclusive_or_expression: exclusive_or_expression '^' • and_expression

    IDENTIFIER            shift, and go to state 74
    I_CONSTANT            shift, and go to state 75
    F_CONSTANT            shift, and go to state 76
    STRING_LITERAL        shift, and go to state 77
    FUNC_NAME             shift, and go to state 78
    SIZEOF                shift, and go to state 79
    INC_OP                shift, and go to state 80
    DEC_OP                shift, and go to state 81
    ENUMERATION_CONSTANT  shift, and go to state 82
    ALIGNOF               shift, and go to state 83
    GENERIC               shift, and go to state 84
    FSTRING_START         shift, and go to state 85
    '('                   shift, and go to state 86
    '&'                   shift, and go to state 87
    '*'                   shift, and go to state 88
    '+'                   shift, and go to state 89
    '-'                   shift, and go to state 90
    '~'                   shift, and go to state 91
    '!'                   shift, and go to state 92

    primary_expression         go to state 93
    f_string_expression        go to state 94
    constant                   go to state 95
    string                     go to state 96
    generic_selection          go to state 97
    postfix_expression         go to state 98
    unary_expression           go to state 99
    unary_operator             go to state 100
    cast_expression            go to state 101
    multiplicative_expression  go to state 102
    additive_expression        go to state 103
    shift_expression           go to state 104
    concatenation_expression   go to state 105
    relational_expression      go to state 106
    equality_expression        go to state 107
    and_expression             go to state 303


State 183

   76 inclusive_or_expression: inclusive_or_expression '|' • exclusive_or_expression

    IDENTIFIER            shift, and go to state 74
    I_CONSTANT            shift, and go to state 75
    F_CONSTANT            shift, and go to state 76
    STRING_LITERAL        shift, and go to state 77
    FUNC_NAME             shift, and go to state 78
    SIZEOF                shift, and go to state 79
    INC_OP                shift, and go to state 80
    DEC_OP                shift, and go to state 81
    ENUMERATION_CONSTANT  shift, and go to state 82
    ALIGNOF               shift, and go to state 83
    GENERIC               shift, and go to state 84
    FSTRING_START         shift, and go to state 85
    '('                   shift, and go to state 86
    '&'                   shift, and go to state 87
    '*'                   shift, and go to state 88
    '+'                   shift, and go to state 89
    '-'                   shift, and go to state 90
    '~'                   shift, and go to state 91
    '!'                   shift, and go to state 92

    primary_expression         go to state 93
    f_string_expression        go to state 94
    constant                   go to state 95
    string                     go to state 96
    generic_selection          go to state 97
    postfix_expression         go to state 98
    unary_expression           go to state 99
    unary_operator             go to state 100
    cast_expression            go to state 101
    multiplicative_expression  go to state 102
    additive_expression        go to state 103
    shift_expression           go to state 104
    concatenation_expression   go to state 105
    relational_expression      go to state 106
    equality_expression        go to state 107
    and_expression             go to state 108
    exclusive_or_expression    go to state 304


State 184

   78 logical_and_expression: logical_and_expression AND_OP • inclusive_or_expression

    IDENTIFIER            shift, and go to state 74
    I_CONSTANT            shift, and go to state 75
    F_CONSTANT            shift, and go to state 76
    STRING_LITERAL        shift, and go to state 77
    FUNC_NAME             shift, and go to state 78
    SIZEOF                shift, and go to state 79
    INC_OP                shift, and go to state 80
    DEC_OP                shift, and go to state 81
    ENUMERATION_CONSTANT  shift, and go to state 82
    ALIGNOF               shift, and go to state 83
    GENERIC               shift, and go to state 84
    FSTRING_START         shift, and go to state 85
    '('                   shift, and go to state 86
    '&'                   shift, and go to state 87
    '*'                   shift, and go to state 88
    '+'                   shift, and go to state 89
    '-'                   shift, and go to state 90
    '~'                   shift, and go to state 91
    '!'                   shift, and go to state 92

    primary_expression         go to state 93
    f_string_expression        go to state 94
    constant                   go to state 95
    string                     go to state 96
    generic_selection          go to state 97
    postfix_expression         go to state 98
    unary_expression           go to state 99
    unary_operator             go to state 100
    cast_expression            go to state 101
    multiplicative_expression  go to state 102
    additive_expression        go to state 103
    shift_expression           go to state 104
    concatenation_expression   go to state 105
    relational_expression      go to state 106
    equality_expression        go to state 107
    and_expression             go to state 108
    exclusive_or_expression    go to state 109
    inclusive_or_expression    go to state 305


State 185

   80 logical_or_expression: logical_or_expression OR_OP • logical_and_expression

    IDENTIFIER            shift, and go to state 74
    I_CONSTANT            shift, and go to state 75
    F_CONSTANT            shift, and go to state 76
    STRING_LITERAL        shift, and go to state 77
    FUNC_NAME             shift, and go to state 78
    SIZEOF                shift, and go to state 79
    INC_OP                shift, and go to state 80
    DEC_OP                shift, and go to state 81
    ENUMERATION_CONSTANT  shift, and go to state 82
    ALIGNOF               shift, and go to state 83
    GENERIC               shift, and go to state 84
    FSTRING_START         shift, and go to state 85
    '('                   shift, and go to state 86
    '&'                   shift, and go to state 87
    '*'                   shift, and go to state 88
    '+'                   shift, and go to state 89
    '-'                   shift, and go to state 90
    '~'                   shift, and go to state 91
    '!'                   shift, and go to state 92

    primary_expression         go to state 93
    f_string_expression        go to state 94
    constant                   go to state 95
    string                     go to state 96
    generic_selection          go to state 97
    postfix_expression         go to state 98
    unary_expression           go to state 99
    unary_operator             go to state 100
    cast_expression            go to state 101
    multiplicative_expression  go to state 102
    additive_expression        go to state 103
    shift_expression           go to state 104
    concatenation_expression   go to state 105
    relational_expression      go to state 106
    equality_expression        go to state 107
    and_expression             go to state 108
    exclusive_or_expression    go to state 109
    inclusive_or_expression    go to state 110
    logical_and_expression     go to state 306


State 186

  173 alignment_specifier: ALIGNAS '(' constant_expression ')' •

    $default  reduce using rule 173 (alignment_specifier)


State 187

  147 specifier_qualifier_list: type_specifier specifier_qualifier_list •

    $default  reduce using rule 147 (specifier_qualifier_list)


State 188

  211 direct_abstract_declarator: '(' • abstract_declarator ')'
  228                           | '(' • ')'
  229                           | '(' • parameter_type_list ')'

    TYPEDEF_NAME  shift, and go to state 1
    TYPEDEF       shift, and go to state 2
    EXTERN        shift, and go to state 3
    STATIC        shift, and go to state 4
    AUTO          shift, and go to state 5
    REGISTER      shift, and go to state 6
    INLINE        shift, and go to state 7
    CONST         shift, and go to state 8
    RESTRICT      shift, and go to state 9
    VOLATILE      shift, and go to state 10
    BOOL          shift, and go to state 11
    CHAR          shift, and go to state 12
    SHORT         shift, and go to state 13
    INT           shift, and go to state 14
    LONG          shift, and go to state 15
    SIGNED        shift, and go to state 16
    UNSIGNED      shift, and go to state 17
    FLOAT         shift, and go to state 18
    DOUBLE        shift, and go to state 19
    VOID          shift, and go to state 20
    COMPLEX       shift, and go to state 21
    IMAGINARY     shift, and go to state 22
    STRUCT        shift, and go to state 23
    UNION         shift, and go to state 24
    ENUM          shift, and go to state 25
    ALIGNAS       shift, and go to state 26
    ATOMIC        shift, and go to state 27
    NORETURN      shift, and go to state 28
    THREAD_LOCAL  shift, and go to state 30
    '('           shift, and go to state 188
    ')'           shift, and go to state 307
    '['           shift, and go to state 189
    '*'           shift, and go to state 53

    declaration_specifiers      go to state 234
    storage_class_specifier     go to state 33
    type_specifier              go to state 34
    struct_or_union_specifier   go to state 35
    struct_or_union             go to state 36
    enum_specifier              go to state 37
    atomic_type_specifier       go to state 38
    type_qualifier              go to state 39
    function_specifier          go to state 40
    alignment_specifier         go to state 41
    pointer                     go to state 190
    parameter_type_list         go to state 308
    parameter_list              go to state 236
    parameter_declaration       go to state 237
    abstract_declarator         go to state 309
    direct_abstract_declarator  go to state 192


State 189

  212 direct_abstract_declarator: '[' • ']'
  213                           | '[' • '*' ']'
  214                           | '[' • STATIC type_qualifier_list assignment_expression ']'
  215                           | '[' • STATIC assignment_expression ']'
  216                           | '[' • type_qualifier_list STATIC assignment_expression ']'
  217                           | '[' • type_qualifier_list assignment_expression ']'
  218                           | '[' • type_qualifier_list ']'
  219                           | '[' • assignment_expression ']'

    IDENTIFIER            shift, and go to state 74
    I_CONSTANT            shift, and go to state 75
    F_CONSTANT            shift, and go to state 76
    STRING_LITERAL        shift, and go to state 77
    FUNC_NAME             shift, and go to state 78
    SIZEOF                shift, and go to state 79
    INC_OP                shift, and go to state 80
    DEC_OP                shift, and go to state 81
    ENUMERATION_CONSTANT  shift, and go to state 82
    STATIC                shift, and go to state 310
    CONST                 shift, and go to state 8
    RESTRICT              shift, and go to state 9
    VOLATILE              shift, and go to state 10
    ALIGNOF               shift, and go to state 83
    ATOMIC                shift, and go to state 122
    GENERIC               shift, and go to state 84
    FSTRING_START         shift, and go to state 85
    '('                   shift, and go to state 86
    ']'                   shift, and go to state 311
    '&'                   shift, and go to state 87
    '*'                   shift, and go to state 312
    '+'                   shift, and go to state 89
    '-'                   shift, and go to state 90
    '~'                   shift, and go to state 91
    '!'                   shift, and go to state 92

    primary_expression         go to state 93
    f_string_expression        go to state 94
    constant                   go to state 95
    string                     go to state 96
    generic_selection          go to state 97
    postfix_expression         go to state 98
    unary_expression           go to state 154
    unary_operator             go to state 100
    cast_expression            go to state 101
    multiplicative_expression  go to state 102
    additive_expression        go to state 103
    shift_expression           go to state 104
    concatenation_expression   go to state 105
    relational_expression      go to state 106
    equality_expression        go to state 107
    and_expression             go to state 108
    exclusive_or_expression    go to state 109
    inclusive_or_expression    go to state 110
    logical_and_expression     go to state 111
    logical_or_expression      go to state 112
    conditional_expression     go to state 155
    assignment_expression      go to state 313
    type_qualifier             go to state 123
    type_qualifier_list        go to state 314


State 190

  208 abstract_declarator: pointer • direct_abstract_declarator
  209                    | pointer •

    '('  shift, and go to state 188
    '['  shift, and go to state 189

    $default  reduce using rule 209 (abstract_declarator)

    direct_abstract_declarator  go to state 315


State 191

  206 type_name: specifier_qualifier_list abstract_declarator •

    $default  reduce using rule 206 (type_name)


State 192

  210 abstract_declarator: direct_abstract_declarator •
  220 direct_abstract_declarator: direct_abstract_declarator • '[' ']'
  221                           | direct_abstract_declarator • '[' '*' ']'
  222                           | direct_abstract_declarator • '[' STATIC type_qualifier_list assignment_expression ']'
  223                           | direct_abstract_declarator • '[' STATIC assignment_expression ']'
  224                           | direct_abstract_declarator • '[' type_qualifier_list assignment_expression ']'
  225                           | direct_abstract_declarator • '[' type_qualifier_list STATIC assignment_expression ']'
  226                           | direct_abstract_declarator • '[' type_qualifier_list ']'
  227                           | direct_abstract_declarator • '[' assignment_expression ']'
  230                           | direct_abstract_declarator • '(' ')'
  231                           | direct_abstract_declarator • '(' parameter_type_list ')'

    '('  shift, and go to state 316
    '['  shift, and go to state 317

    $default  reduce using rule 210 (abstract_declarator)


State 193

  149 specifier_qualifier_list: type_qualifier specifier_qualifier_list •

    $default  reduce using rule 149 (specifier_qualifier_list)


State 194

  172 alignment_specifier: ALIGNAS '(' type_name ')' •

    $default  reduce using rule 172 (alignment_specifier)


State 195

  165 atomic_type_specifier: ATOMIC '(' type_name ')' •

    $default  reduce using rule 165 (atomic_type_specifier)


State 196

  244 static_assert_declaration: STATIC_ASSERT '(' constant_expression ',' • STRING_LITERAL ')' ';'

    STRING_LITERAL  shift, and go to state 318


State 197

  178 direct_declarator: '(' declarator ')' •

    $default  reduce using rule 178 (direct_declarator)


State 198

  196 type_qualifier_list: type_qualifier_list type_qualifier •

    $default  reduce using rule 196 (type_qualifier_list)


State 199

  191 pointer: '*' type_qualifier_list pointer •

    $default  reduce using rule 191 (pointer)


State 200

  112 init_declarator_list: init_declarator_list ',' init_declarator •

    $default  reduce using rule 112 (init_declarator_list)


State 201

  113 init_declarator: declarator • '=' initializer
  114                | declarator •

    '='  shift, and go to state 129

    $default  reduce using rule 114 (init_declarator)


State 202

    1 primary_expression: IDENTIFIER •
  251 labeled_statement: IDENTIFIER • ':' statement

    ':'  shift, and go to state 319

    $default  reduce using rule 1 (primary_expression)


State 203

  252 labeled_statement: CASE • constant_expression ':' statement

    IDENTIFIER            shift, and go to state 74
    I_CONSTANT            shift, and go to state 75
    F_CONSTANT            shift, and go to state 76
    STRING_LITERAL        shift, and go to state 77
    FUNC_NAME             shift, and go to state 78
    SIZEOF                shift, and go to state 79
    INC_OP                shift, and go to state 80
    DEC_OP                shift, and go to state 81
    ENUMERATION_CONSTANT  shift, and go to state 82
    ALIGNOF               shift, and go to state 83
    GENERIC               shift, and go to state 84
    FSTRING_START         shift, and go to state 85
    '('                   shift, and go to state 86
    '&'                   shift, and go to state 87
    '*'                   shift, and go to state 88
    '+'                   shift, and go to state 89
    '-'                   shift, and go to state 90
    '~'                   shift, and go to state 91
    '!'                   shift, and go to state 92

    primary_expression         go to state 93
    f_string_expression        go to state 94
    constant                   go to state 95
    string                     go to state 96
    generic_selection          go to state 97
    postfix_expression         go to state 98
    unary_expression           go to state 99
    unary_operator             go to state 100
    cast_expression            go to state 101
    multiplicative_expression  go to state 102
    additive_expression        go to state 103
    shift_expression           go to state 104
    concatenation_expression   go to state 105
    relational_expression      go to state 106
    equality_expression        go to state 107
    and_expression             go to state 108
    exclusive_or_expression    go to state 109
    inclusive_or_expression    go to state 110
    logical_and_expression     go to state 111
    logical_or_expression      go to state 112
    conditional_expression     go to state 113
    constant_expression        go to state 320


State 204

  253 labeled_statement: DEFAULT • ':' statement

    ':'  shift, and go to state 321


State 205

  263 selection_statement: IF • '(' expression ')' statement ELSE $@2 statement
  264                    | IF • '(' expression ')' statement

    '('  shift, and go to state 322


State 206

  265 selection_statement: SWITCH • '(' expression ')' statement

    '('  shift, and go to state 323


State 207

  266 iteration_statement: WHILE • '(' expression ')' statement

    '('  shift, and go to state 324


State 208

  267 iteration_statement: DO • statement WHILE '(' expression ')' ';'

    IDENTIFIER            shift, and go to state 202
    I_CONSTANT            shift, and go to state 75
    F_CONSTANT            shift, and go to state 76
    STRING_LITERAL        shift, and go to state 77
    FUNC_NAME             shift, and go to state 78
    SIZEOF                shift, and go to state 79
    INC_OP                shift, and go to state 80
    DEC_OP                shift, and go to state 81
    ENUMERATION_CONSTANT  shift, and go to state 82
    CASE                  shift, and go to state 203
    DEFAULT               shift, and go to state 204
    IF                    shift, and go to state 205
    SWITCH                shift, and go to state 206
    WHILE                 shift, and go to state 207
    DO                    shift, and go to state 208
    FOR                   shift, and go to state 209
    GOTO                  shift, and go to state 210
    CONTINUE              shift, and go to state 211
    BREAK                 shift, and go to state 212
    RETURN                shift, and go to state 213
    ALIGNOF               shift, and go to state 83
    GENERIC               shift, and go to state 84
    FSTRING_START         shift, and go to state 85
    '('                   shift, and go to state 86
    '{'                   shift, and go to state 128
    '&'                   shift, and go to state 87
    '*'                   shift, and go to state 88
    '+'                   shift, and go to state 89
    '-'                   shift, and go to state 90
    '~'                   shift, and go to state 91
    '!'                   shift, and go to state 92
    ';'                   shift, and go to state 215

    primary_expression         go to state 93
    f_string_expression        go to state 94
    constant                   go to state 95
    string                     go to state 96
    generic_selection          go to state 97
    postfix_expression         go to state 98
    unary_expression           go to state 154
    unary_operator             go to state 100
    cast_expression            go to state 101
    multiplicative_expression  go to state 102
    additive_expression        go to state 103
    shift_expression           go to state 104
    concatenation_expression   go to state 105
    relational_expression      go to state 106
    equality_expression        go to state 107
    and_expression             go to state 108
    exclusive_or_expression    go to state 109
    inclusive_or_expression    go to state 110
    logical_and_expression     go to state 111
    logical_or_expression      go to state 112
    conditional_expression     go to state 155
    assignment_expression      go to state 156
    expression                 go to state 216
    statement                  go to state 325
    labeled_statement          go to state 219
    compound_statement         go to state 220
    expression_statement       go to state 223
    selection_statement        go to state 224
    iteration_statement        go to state 225
    jump_statement             go to state 226


State 209

  268 iteration_statement: FOR • '(' expression_statement expression_statement ')' statement
  269                    | FOR • '(' expression_statement expression_statement expression ')' statement
  270                    | FOR • '(' declaration expression_statement ')' statement
  271                    | FOR • '(' declaration expression_statement expression ')' statement

    '('  shift, and go to state 326


State 210

  272 jump_statement: GOTO • IDENTIFIER ';'

    IDENTIFIER  shift, and go to state 327


State 211

  273 jump_statement: CONTINUE • ';'

    ';'  shift, and go to state 328


State 212

  274 jump_statement: BREAK • ';'

    ';'  shift, and go to state 329


State 213

  275 jump_statement: RETURN • ';'
  276               | RETURN • expression ';'

    IDENTIFIER            shift, and go to state 74
    I_CONSTANT            shift, and go to state 75
    F_CONSTANT            shift, and go to state 76
    STRING_LITERAL        shift, and go to state 77
    FUNC_NAME             shift, and go to state 78
    SIZEOF                shift, and go to state 79
    INC_OP                shift, and go to state 80
    DEC_OP                shift, and go to state 81
    ENUMERATION_CONSTANT  shift, and go to state 82
    ALIGNOF               shift, and go to state 83
    GENERIC               shift, and go to state 84
    FSTRING_START         shift, and go to state 85
    '('                   shift, and go to state 86
    '&'                   shift, and go to state 87
    '*'                   shift, and go to state 88
    '+'                   shift, and go to state 89
    '-'                   shift, and go to state 90
    '~'                   shift, and go to state 91
    '!'                   shift, and go to state 92
    ';'                   shift, and go to state 330

    primary_expression         go to state 93
    f_string_expression        go to state 94
    constant                   go to state 95
    string                     go to state 96
    generic_selection          go to state 97
    postfix_expression         go to state 98
    unary_expression           go to state 154
    unary_operator             go to state 100
    cast_expression            go to state 101
    multiplicative_expression  go to state 102
    additive_expression        go to state 103
    shift_expression           go to state 104
    concatenation_expression   go to state 105
    relational_expression      go to state 106
    equality_expression        go to state 107
    and_expression             go to state 108
    exclusive_or_expression    go to state 109
    inclusive_or_expression    go to state 110
    logical_and_expression     go to state 111
    logical_or_expression      go to state 112
    conditional_expression     go to state 155
    assignment_expression      go to state 156
    expression                 go to state 331


State 214

  254 compound_statement: '{' '}' •

    $default  reduce using rule 254 (compound_statement)


State 215

  260 expression_statement: ';' •

    $default  reduce using rule 260 (expression_statement)


State 216

   96 expression: expression • ',' assignment_expression
  261 expression_statement: expression • ';'

    ','  shift, and go to state 279
    ';'  shift, and go to state 332


State 217

  258 block_item: declaration •

    $default  reduce using rule 258 (block_item)


State 218

  259 block_item: statement •

    $default  reduce using rule 259 (block_item)


State 219

  245 statement: labeled_statement •

    $default  reduce using rule 245 (statement)


State 220

  246 statement: compound_statement •

    $default  reduce using rule 246 (statement)


State 221

  255 compound_statement: '{' block_item_list • '}'
  257 block_item_list: block_item_list • block_item

    IDENTIFIER            shift, and go to state 202
    I_CONSTANT            shift, and go to state 75
    F_CONSTANT            shift, and go to state 76
    STRING_LITERAL        shift, and go to state 77
    FUNC_NAME             shift, and go to state 78
    SIZEOF                shift, and go to state 79
    INC_OP                shift, and go to state 80
    DEC_OP                shift, and go to state 81
    TYPEDEF_NAME          shift, and go to state 1
    ENUMERATION_CONSTANT  shift, and go to state 82
    TYPEDEF               shift, and go to state 2
    EXTERN                shift, and go to state 3
    STATIC                shift, and go to state 4
    AUTO                  shift, and go to state 5
    REGISTER              shift, and go to state 6
    INLINE                shift, and go to state 7
    CONST                 shift, and go to state 8
    RESTRICT              shift, and go to state 9
    VOLATILE              shift, and go to state 10
    BOOL                  shift, and go to state 11
    CHAR                  shift, and go to state 12
    SHORT                 shift, and go to state 13
    INT                   shift, and go to state 14
    LONG                  shift, and go to state 15
    SIGNED                shift, and go to state 16
    UNSIGNED              shift, and go to state 17
    FLOAT                 shift, and go to state 18
    DOUBLE                shift, and go to state 19
    VOID                  shift, and go to state 20
    COMPLEX               shift, and go to state 21
    IMAGINARY             shift, and go to state 22
    STRUCT                shift, and go to state 23
    UNION                 shift, and go to state 24
    ENUM                  shift, and go to state 25
    CASE                  shift, and go to state 203
    DEFAULT               shift, and go to state 204
    IF                    shift, and go to state 205
    SWITCH                shift, and go to state 206
    WHILE                 shift, and go to state 207
    DO                    shift, and go to state 208
    FOR                   shift, and go to state 209
    GOTO                  shift, and go to state 210
    CONTINUE              shift, and go to state 211
    BREAK                 shift, and go to state 212
    RETURN                shift, and go to state 213
    ALIGNAS               shift, and go to state 26
    ALIGNOF               shift, and go to state 83
    ATOMIC                shift, and go to state 27
    GENERIC               shift, and go to state 84
    NORETURN              shift, and go to state 28
    STATIC_ASSERT         shift, and go to state 29
    THREAD_LOCAL          shift, and go to state 30
    FSTRING_START         shift, and go to state 85
    '('                   shift, and go to state 86
    '{'                   shift, and go to state 128
    '}'                   shift, and go to state 333
    '&'                   shift, and go to state 87
    '*'                   shift, and go to state 88
    '+'                   shift, and go to state 89
    '-'                   shift, and go to state 90
    '~'                   shift, and go to state 91
    '!'                   shift, and go to state 92
    ';'                   shift, and go to state 215

    primary_expression         go to state 93
    f_string_expression        go to state 94
    constant                   go to state 95
    string                     go to state 96
    generic_selection          go to state 97
    postfix_expression         go to state 98
    unary_expression           go to state 154
    unary_operator             go to state 100
    cast_expression            go to state 101
    multiplicative_expression  go to state 102
    additive_expression        go to state 103
    shift_expression           go to state 104
    concatenation_expression   go to state 105
    relational_expression      go to state 106
    equality_expression        go to state 107
    and_expression             go to state 108
    exclusive_or_expression    go to state 109
    inclusive_or_expression    go to state 110
    logical_and_expression     go to state 111
    logical_or_expression      go to state 112
    conditional_expression     go to state 155
    assignment_expression      go to state 156
    expression                 go to state 216
    declaration                go to state 217
    declaration_specifiers     go to state 131
    storage_class_specifier    go to state 33
    type_specifier             go to state 34
    struct_or_union_specifier  go to state 35
    struct_or_union            go to state 36
    enum_specifier             go to state 37
    atomic_type_specifier      go to state 38
    type_qualifier             go to state 39
    function_specifier         go to state 40
    alignment_specifier        go to state 41
    static_assert_declaration  go to state 42
    statement                  go to state 218
    labeled_statement          go to state 219
    compound_statement         go to state 220
    block_item                 go to state 334
    expression_statement       go to state 223
    selection_statement        go to state 224
    iteration_statement        go to state 225
    jump_statement             go to state 226


State 222

  256 block_item_list: block_item •

    $default  reduce using rule 256 (block_item_list)


State 223

  247 statement: expression_statement •

    $default  reduce using rule 247 (statement)


State 224

  248 statement: selection_statement •

    $default  reduce using rule 248 (statement)


State 225

  249 statement: iteration_statement •

    $default  reduce using rule 249 (statement)


State 226

  250 statement: jump_statement •

    $default  reduce using rule 250 (statement)


State 227

  232 initializer: '{' • initializer_list '}'
  233            | '{' • initializer_list ',' '}'

    IDENTIFIER            shift, and go to state 74
    I_CONSTANT            shift, and go to state 75
    F_CONSTANT            shift, and go to state 76
    STRING_LITERAL        shift, and go to state 77
    FUNC_NAME             shift, and go to state 78
    SIZEOF                shift, and go to state 79
    INC_OP                shift, and go to state 80
    DEC_OP                shift, and go to state 81
    ENUMERATION_CONSTANT  shift, and go to state 82
    ALIGNOF               shift, and go to state 83
    GENERIC               shift, and go to state 84
    FSTRING_START         shift, and go to state 85
    '('                   shift, and go to state 86
    '['                   shift, and go to state 335
    '.'                   shift, and go to state 336
    '{'                   shift, and go to state 227
    '&'                   shift, and go to state 87
    '*'                   shift, and go to state 88
    '+'                   shift, and go to state 89
    '-'                   shift, and go to state 90
    '~'                   shift, and go to state 91
    '!'                   shift, and go to state 92

    primary_expression         go to state 93
    f_string_expression        go to state 94
    constant                   go to state 95
    string                     go to state 96
    generic_selection          go to state 97
    postfix_expression         go to state 98
    unary_expression           go to state 154
    unary_operator             go to state 100
    cast_expression            go to state 101
    multiplicative_expression  go to state 102
    additive_expression        go to state 103
    shift_expression           go to state 104
    concatenation_expression   go to state 105
    relational_expression      go to state 106
    equality_expression        go to state 107
    and_expression             go to state 108
    exclusive_or_expression    go to state 109
    inclusive_or_expression    go to state 110
    logical_and_expression     go to state 111
    logical_or_expression      go to state 112
    conditional_expression     go to state 155
    assignment_expression      go to state 228
    initializer                go to state 337
    initializer_list           go to state 338
    designation                go to state 339
    designator_list            go to state 340
    designator                 go to state 341


State 228

  234 initializer: assignment_expression •

    $default  reduce using rule 234 (initializer)


State 229

  113 init_declarator: declarator '=' initializer •

    $default  reduce using rule 113 (init_declarator)


State 230

  284 declaration_list: declaration_list declaration •

    $default  reduce using rule 284 (declaration_list)


State 231

  281 function_definition: declaration_specifiers declarator declaration_list compound_statement •

    $default  reduce using rule 281 (function_definition)


State 232

  204 identifier_list: IDENTIFIER •

    $default  reduce using rule 204 (identifier_list)


State 233

  189 direct_declarator: direct_declarator '(' ')' •

    $default  reduce using rule 189 (direct_declarator)


State 234

  201 parameter_declaration: declaration_specifiers • declarator
  202                      | declaration_specifiers • abstract_declarator
  203                      | declaration_specifiers •

    IDENTIFIER  shift, and go to state 51
    '('         shift, and go to state 342
    '['         shift, and go to state 189
    '*'         shift, and go to state 53

    $default  reduce using rule 203 (parameter_declaration)

    declarator                  go to state 343
    direct_declarator           go to state 58
    pointer                     go to state 344
    abstract_declarator         go to state 345
    direct_abstract_declarator  go to state 192


State 235

  188 direct_declarator: direct_declarator '(' parameter_type_list • ')'

    ')'  shift, and go to state 346


State 236

  197 parameter_type_list: parameter_list • ',' ELLIPSIS
  198                    | parameter_list •
  200 parameter_list: parameter_list • ',' parameter_declaration

    ','  shift, and go to state 347

    $default  reduce using rule 198 (parameter_type_list)


State 237

  199 parameter_list: parameter_declaration •

    $default  reduce using rule 199 (parameter_list)


State 238

  190 direct_declarator: direct_declarator '(' identifier_list • ')'
  205 identifier_list: identifier_list • ',' IDENTIFIER

    ')'  shift, and go to state 348
    ','  shift, and go to state 349


State 239

  181 direct_declarator: direct_declarator '[' STATIC • type_qualifier_list assignment_expression ']'
  182                  | direct_declarator '[' STATIC • assignment_expression ']'

    IDENTIFIER            shift, and go to state 74
    I_CONSTANT            shift, and go to state 75
    F_CONSTANT            shift, and go to state 76
    STRING_LITERAL        shift, and go to state 77
    FUNC_NAME             shift, and go to state 78
    SIZEOF                shift, and go to state 79
    INC_OP                shift, and go to state 80
    DEC_OP                shift, and go to state 81
    ENUMERATION_CONSTANT  shift, and go to state 82
    CONST                 shift, and go to state 8
    RESTRICT              shift, and go to state 9
    VOLATILE              shift, and go to state 10
    ALIGNOF               shift, and go to state 83
    ATOMIC                shift, and go to state 122
    GENERIC               shift, and go to state 84
    FSTRING_START         shift, and go to state 85
    '('                   shift, and go to state 86
    '&'                   shift, and go to state 87
    '*'                   shift, and go to state 88
    '+'                   shift, and go to state 89
    '-'                   shift, and go to state 90
    '~'                   shift, and go to state 91
    '!'                   shift, and go to state 92

    primary_expression         go to state 93
    f_string_expression        go to state 94
    constant                   go to state 95
    string                     go to state 96
    generic_selection          go to state 97
    postfix_expression         go to state 98
    unary_expression           go to state 154
    unary_operator             go to state 100
    cast_expression            go to state 101
    multiplicative_expression  go to state 102
    additive_expression        go to state 103
    shift_expression           go to state 104
    concatenation_expression   go to state 105
    relational_expression      go to state 106
    equality_expression        go to state 107
    and_expression             go to state 108
    exclusive_or_expression    go to state 109
    inclusive_or_expression    go to state 110
    logical_and_expression     go to state 111
    logical_or_expression      go to state 112
    conditional_expression     go to state 155
    assignment_expression      go to state 350
    type_qualifier             go to state 123
    type_qualifier_list        go to state 351


State 240

  179 direct_declarator: direct_declarator '[' ']' •

    $default  reduce using rule 179 (direct_declarator)


State 241

   43 unary_operator: '*' •
  180 direct_declarator: direct_declarator '[' '*' • ']'

    ']'  shift, and go to state 352

    $default  reduce using rule 43 (unary_operator)


State 242

  187 direct_declarator: direct_declarator '[' assignment_expression • ']'

    ']'  shift, and go to state 353


State 243

  183 direct_declarator: direct_declarator '[' type_qualifier_list • '*' ']'
  184                  | direct_declarator '[' type_qualifier_list • STATIC assignment_expression ']'
  185                  | direct_declarator '[' type_qualifier_list • assignment_expression ']'
  186                  | direct_declarator '[' type_qualifier_list • ']'
  196 type_qualifier_list: type_qualifier_list • type_qualifier

    IDENTIFIER            shift, and go to state 74
    I_CONSTANT            shift, and go to state 75
    F_CONSTANT            shift, and go to state 76
    STRING_LITERAL        shift, and go to state 77
    FUNC_NAME             shift, and go to state 78
    SIZEOF                shift, and go to state 79
    INC_OP                shift, and go to state 80
    DEC_OP                shift, and go to state 81
    ENUMERATION_CONSTANT  shift, and go to state 82
    STATIC                shift, and go to state 354
    CONST                 shift, and go to state 8
    RESTRICT              shift, and go to state 9
    VOLATILE              shift, and go to state 10
    ALIGNOF               shift, and go to state 83
    ATOMIC                shift, and go to state 122
    GENERIC               shift, and go to state 84
    FSTRING_START         shift, and go to state 85
    '('                   shift, and go to state 86
    ']'                   shift, and go to state 355
    '&'                   shift, and go to state 87
    '*'                   shift, and go to state 356
    '+'                   shift, and go to state 89
    '-'                   shift, and go to state 90
    '~'                   shift, and go to state 91
    '!'                   shift, and go to state 92

    primary_expression         go to state 93
    f_string_expression        go to state 94
    constant                   go to state 95
    string                     go to state 96
    generic_selection          go to state 97
    postfix_expression         go to state 98
    unary_expression           go to state 154
    unary_operator             go to state 100
    cast_expression            go to state 101
    multiplicative_expression  go to state 102
    additive_expression        go to state 103
    shift_expression           go to state 104
    concatenation_expression   go to state 105
    relational_expression      go to state 106
    equality_expression        go to state 107
    and_expression             go to state 108
    exclusive_or_expression    go to state 109
    inclusive_or_expression    go to state 110
    logical_and_expression     go to state 111
    logical_or_expression      go to state 112
    conditional_expression     go to state 155
    assignment_expression      go to state 357
    type_qualifier             go to state 198


State 244

  175 declarator: pointer $@1 direct_declarator •
  179 direct_declarator: direct_declarator • '[' ']'
  180                  | direct_declarator • '[' '*' ']'
  181                  | direct_declarator • '[' STATIC type_qualifier_list assignment_expression ']'
  182                  | direct_declarator • '[' STATIC assignment_expression ']'
  183                  | direct_declarator • '[' type_qualifier_list '*' ']'
  184                  | direct_declarator • '[' type_qualifier_list STATIC assignment_expression ']'
  185                  | direct_declarator • '[' type_qualifier_list assignment_expression ']'
  186                  | direct_declarator • '[' type_qualifier_list ']'
  187                  | direct_declarator • '[' assignment_expression ']'
  188                  | direct_declarator • '(' parameter_type_list ')'
  189                  | direct_declarator • '(' ')'
  190                  | direct_declarator • '(' identifier_list ')'

    '('  shift, and go to state 134
    '['  shift, and go to state 135

    $default  reduce using rule 175 (declarator)


State 245

  138 struct_or_union_specifier: struct_or_union IDENTIFIER '{' struct_declaration_list • '}'
  143 struct_declaration_list: struct_declaration_list • struct_declaration

    TYPEDEF_NAME   shift, and go to state 1
    CONST          shift, and go to state 8
    RESTRICT       shift, and go to state 9
    VOLATILE       shift, and go to state 10
    BOOL           shift, and go to state 11
    CHAR           shift, and go to state 12
    SHORT          shift, and go to state 13
    INT            shift, and go to state 14
    LONG           shift, and go to state 15
    SIGNED         shift, and go to state 16
    UNSIGNED       shift, and go to state 17
    FLOAT          shift, and go to state 18
    DOUBLE         shift, and go to state 19
    VOID           shift, and go to state 20
    COMPLEX        shift, and go to state 21
    IMAGINARY      shift, and go to state 22
    STRUCT         shift, and go to state 23
    UNION          shift, and go to state 24
    ENUM           shift, and go to state 25
    ATOMIC         shift, and go to state 27
    STATIC_ASSERT  shift, and go to state 29
    '}'            shift, and go to state 358

    type_specifier             go to state 115
    struct_or_union_specifier  go to state 35
    struct_or_union            go to state 36
    struct_declaration         go to state 247
    specifier_qualifier_list   go to state 140
    enum_specifier             go to state 37
    atomic_type_specifier      go to state 38
    type_qualifier             go to state 117
    static_assert_declaration  go to state 141


State 246

  137 struct_or_union_specifier: struct_or_union '{' struct_declaration_list '}' •

    $default  reduce using rule 137 (struct_or_union_specifier)


State 247

  143 struct_declaration_list: struct_declaration_list struct_declaration •

    $default  reduce using rule 143 (struct_declaration_list)


State 248

  153 struct_declarator: ':' • constant_expression

    IDENTIFIER            shift, and go to state 74
    I_CONSTANT            shift, and go to state 75
    F_CONSTANT            shift, and go to state 76
    STRING_LITERAL        shift, and go to state 77
    FUNC_NAME             shift, and go to state 78
    SIZEOF                shift, and go to state 79
    INC_OP                shift, and go to state 80
    DEC_OP                shift, and go to state 81
    ENUMERATION_CONSTANT  shift, and go to state 82
    ALIGNOF               shift, and go to state 83
    GENERIC               shift, and go to state 84
    FSTRING_START         shift, and go to state 85
    '('                   shift, and go to state 86
    '&'                   shift, and go to state 87
    '*'                   shift, and go to state 88
    '+'                   shift, and go to state 89
    '-'                   shift, and go to state 90
    '~'                   shift, and go to state 91
    '!'                   shift, and go to state 92

    primary_expression         go to state 93
    f_string_expression        go to state 94
    constant                   go to state 95
    string                     go to state 96
    generic_selection          go to state 97
    postfix_expression         go to state 98
    unary_expression           go to state 99
    unary_operator             go to state 100
    cast_expression            go to state 101
    multiplicative_expression  go to state 102
    additive_expression        go to state 103
    shift_expression           go to state 104
    concatenation_expression   go to state 105
    relational_expression      go to state 106
    equality_expression        go to state 107
    and_expression             go to state 108
    exclusive_or_expression    go to state 109
    inclusive_or_expression    go to state 110
    logical_and_expression     go to state 111
    logical_or_expression      go to state 112
    conditional_expression     go to state 113
    constant_expression        go to state 359


State 249

  144 struct_declaration: specifier_qualifier_list ';' •

    $default  reduce using rule 144 (struct_declaration)


State 250

  145 struct_declaration: specifier_qualifier_list struct_declarator_list • ';'
  152 struct_declarator_list: struct_declarator_list • ',' struct_declarator

    ','  shift, and go to state 360
    ';'  shift, and go to state 361


State 251

  151 struct_declarator_list: struct_declarator •

    $default  reduce using rule 151 (struct_declarator_list)


State 252

  154 struct_declarator: declarator • ':' constant_expression
  155                  | declarator •

    ':'  shift, and go to state 362

    $default  reduce using rule 155 (struct_declarator)


State 253

  159 enum_specifier: ENUM IDENTIFIER '{' enumerator_list ',' • '}'
  162 enumerator_list: enumerator_list ',' • enumerator

    IDENTIFIER  shift, and go to state 70
    '}'         shift, and go to state 363

    enumeration_constant  go to state 71
    enumerator            go to state 257


State 254

  158 enum_specifier: ENUM IDENTIFIER '{' enumerator_list '}' •

    $default  reduce using rule 158 (enum_specifier)


State 255

  163 enumerator: enumeration_constant '=' constant_expression •

    $default  reduce using rule 163 (enumerator)


State 256

  157 enum_specifier: ENUM '{' enumerator_list ',' '}' •

    $default  reduce using rule 157 (enum_specifier)


State 257

  162 enumerator_list: enumerator_list ',' enumerator •

    $default  reduce using rule 162 (enumerator_list)


State 258

   31 postfix_expression: '(' type_name • ')' '{' initializer_list '}'
   32                   | '(' type_name • ')' '{' initializer_list ',' '}'
   40 unary_expression: SIZEOF '(' type_name • ')'

    ')'  shift, and go to state 364


State 259

   31 postfix_expression: '(' type_name • ')' '{' initializer_list '}'
   32                   | '(' type_name • ')' '{' initializer_list ',' '}'

    ')'  shift, and go to state 365


State 260

   41 unary_expression: ALIGNOF '(' type_name • ')'

    ')'  shift, and go to state 366


State 261

   18 generic_selection: GENERIC '(' assignment_expression • ',' generic_assoc_list ')'

    ','  shift, and go to state 367


State 262

    7 f_string_expression: FSTRING_START f_string_body FSTRING_END •

    $default  reduce using rule 7 (f_string_expression)


State 263

   11 interpolation_block: INTERPOLATION_START • expression INTERPOLATION_END

    IDENTIFIER            shift, and go to state 74
    I_CONSTANT            shift, and go to state 75
    F_CONSTANT            shift, and go to state 76
    STRING_LITERAL        shift, and go to state 77
    FUNC_NAME             shift, and go to state 78
    SIZEOF                shift, and go to state 79
    INC_OP                shift, and go to state 80
    DEC_OP                shift, and go to state 81
    ENUMERATION_CONSTANT  shift, and go to state 82
    ALIGNOF               shift, and go to state 83
    GENERIC               shift, and go to state 84
    FSTRING_START         shift, and go to state 85
    '('                   shift, and go to state 86
    '&'                   shift, and go to state 87
    '*'                   shift, and go to state 88
    '+'                   shift, and go to state 89
    '-'                   shift, and go to state 90
    '~'                   shift, and go to state 91
    '!'                   shift, and go to state 92

    primary_expression         go to state 93
    f_string_expression        go to state 94
    constant                   go to state 95
    string                     go to state 96
    generic_selection          go to state 97
    postfix_expression         go to state 98
    unary_expression           go to state 154
    unary_operator             go to state 100
    cast_expression            go to state 101
    multiplicative_expression  go to state 102
    additive_expression        go to state 103
    shift_expression           go to state 104
    concatenation_expression   go to state 105
    relational_expression      go to state 106
    equality_expression        go to state 107
    and_expression             go to state 108
    exclusive_or_expression    go to state 109
    inclusive_or_expression    go to state 110
    logical_and_expression     go to state 111
    logical_or_expression      go to state 112
    conditional_expression     go to state 155
    assignment_expression      go to state 156
    expression                 go to state 368


State 264

    9 f_string_body: f_string_body STRING_LITERAL_PART •

    $default  reduce using rule 9 (f_string_body)


State 265

   10 f_string_body: f_string_body interpolation_block •

    $default  reduce using rule 10 (f_string_body)


State 266

   85 assignment_operator: MUL_ASSIGN •

    $default  reduce using rule 85 (assignment_operator)


State 267

   86 assignment_operator: DIV_ASSIGN •

    $default  reduce using rule 86 (assignment_operator)


State 268

   87 assignment_operator: MOD_ASSIGN •

    $default  reduce using rule 87 (assignment_operator)


State 269

   88 assignment_operator: ADD_ASSIGN •

    $default  reduce using rule 88 (assignment_operator)


State 270

   89 assignment_operator: SUB_ASSIGN •

    $default  reduce using rule 89 (assignment_operator)


State 271

   90 assignment_operator: LEFT_ASSIGN •

    $default  reduce using rule 90 (assignment_operator)


State 272

   91 assignment_operator: RIGHT_ASSIGN •

    $default  reduce using rule 91 (assignment_operator)


State 273

   92 assignment_operator: AND_ASSIGN •

    $default  reduce using rule 92 (assignment_operator)


State 274

   93 assignment_operator: XOR_ASSIGN •

    $default  reduce using rule 93 (assignment_operator)


State 275

   94 assignment_operator: OR_ASSIGN •

    $default  reduce using rule 94 (assignment_operator)


State 276

   84 assignment_operator: '=' •

    $default  reduce using rule 84 (assignment_operator)


State 277

   83 assignment_expression: unary_expression assignment_operator • assignment_expression

    IDENTIFIER            shift, and go to state 74
    I_CONSTANT            shift, and go to state 75
    F_CONSTANT            shift, and go to state 76
    STRING_LITERAL        shift, and go to state 77
    FUNC_NAME             shift, and go to state 78
    SIZEOF                shift, and go to state 79
    INC_OP                shift, and go to state 80
    DEC_OP                shift, and go to state 81
    ENUMERATION_CONSTANT  shift, and go to state 82
    ALIGNOF               shift, and go to state 83
    GENERIC               shift, and go to state 84
    FSTRING_START         shift, and go to state 85
    '('                   shift, and go to state 86
    '&'                   shift, and go to state 87
    '*'                   shift, and go to state 88
    '+'                   shift, and go to state 89
    '-'                   shift, and go to state 90
    '~'                   shift, and go to state 91
    '!'                   shift, and go to state 92

    primary_expression         go to state 93
    f_string_expression        go to state 94
    constant                   go to state 95
    string                     go to state 96
    generic_selection          go to state 97
    postfix_expression         go to state 98
    unary_expression           go to state 154
    unary_operator             go to state 100
    cast_expression            go to state 101
    multiplicative_expression  go to state 102
    additive_expression        go to state 103
    shift_expression           go to state 104
    concatenation_expression   go to state 105
    relational_expression      go to state 106
    equality_expression        go to state 107
    and_expression             go to state 108
    exclusive_or_expression    go to state 109
    inclusive_or_expression    go to state 110
    logical_and_expression     go to state 111
    logical_or_expression      go to state 112
    conditional_expression     go to state 155
    assignment_expression      go to state 369


State 278

    4 primary_expression: '(' expression ')' •

    $default  reduce using rule 4 (primary_expression)


State 279

   96 expression: expression ',' • assignment_expression

    IDENTIFIER            shift, and go to state 74
    I_CONSTANT            shift, and go to state 75
    F_CONSTANT            shift, and go to state 76
    STRING_LITERAL        shift, and go to state 77
    FUNC_NAME             shift, and go to state 78
    SIZEOF                shift, and go to state 79
    INC_OP                shift, and go to state 80
    DEC_OP                shift, and go to state 81
    ENUMERATION_CONSTANT  shift, and go to state 82
    ALIGNOF               shift, and go to state 83
    GENERIC               shift, and go to state 84
    FSTRING_START         shift, and go to state 85
    '('                   shift, and go to state 86
    '&'                   shift, and go to state 87
    '*'                   shift, and go to state 88
    '+'                   shift, and go to state 89
    '-'                   shift, and go to state 90
    '~'                   shift, and go to state 91
    '!'                   shift, and go to state 92

    primary_expression         go to state 93
    f_string_expression        go to state 94
    constant                   go to state 95
    string                     go to state 96
    generic_selection          go to state 97
    postfix_expression         go to state 98
    unary_expression           go to state 154
    unary_operator             go to state 100
    cast_expression            go to state 101
    multiplicative_expression  go to state 102
    additive_expression        go to state 103
    shift_expression           go to state 104
    concatenation_expression   go to state 105
    relational_expression      go to state 106
    equality_expression        go to state 107
    and_expression             go to state 108
    exclusive_or_expression    go to state 109
    inclusive_or_expression    go to state 110
    logical_and_expression     go to state 111
    logical_or_expression      go to state 112
    conditional_expression     go to state 155
    assignment_expression      go to state 370


State 280

   31 postfix_expression: '(' type_name ')' • '{' initializer_list '}'
   32                   | '(' type_name ')' • '{' initializer_list ',' '}'
   49 cast_expression: '(' type_name ')' • cast_expression

    IDENTIFIER            shift, and go to state 74
    I_CONSTANT            shift, and go to state 75
    F_CONSTANT            shift, and go to state 76
    STRING_LITERAL        shift, and go to state 77
    FUNC_NAME             shift, and go to state 78
    SIZEOF                shift, and go to state 79
    INC_OP                shift, and go to state 80
    DEC_OP                shift, and go to state 81
    ENUMERATION_CONSTANT  shift, and go to state 82
    ALIGNOF               shift, and go to state 83
    GENERIC               shift, and go to state 84
    FSTRING_START         shift, and go to state 85
    '('                   shift, and go to state 86
    '{'                   shift, and go to state 371
    '&'                   shift, and go to state 87
    '*'                   shift, and go to state 88
    '+'                   shift, and go to state 89
    '-'                   shift, and go to state 90
    '~'                   shift, and go to state 91
    '!'                   shift, and go to state 92

    primary_expression   go to state 93
    f_string_expression  go to state 94
    constant             go to state 95
    string               go to state 96
    generic_selection    go to state 97
    postfix_expression   go to state 98
    unary_expression     go to state 99
    unary_operator       go to state 100
    cast_expression      go to state 372


State 281

   28 postfix_expression: postfix_expression PTR_OP IDENTIFIER •

    $default  reduce using rule 28 (postfix_expression)


State 282

   25 postfix_expression: postfix_expression '(' ')' •

    $default  reduce using rule 25 (postfix_expression)


State 283

   26 postfix_expression: postfix_expression '(' argument_expression_list • ')'
   34 argument_expression_list: argument_expression_list • ',' assignment_expression

    ')'  shift, and go to state 373
    ','  shift, and go to state 374


State 284

   33 argument_expression_list: assignment_expression •

    $default  reduce using rule 33 (argument_expression_list)


State 285

   24 postfix_expression: postfix_expression '[' expression • ']'
   96 expression: expression • ',' assignment_expression

    ','  shift, and go to state 279
    ']'  shift, and go to state 375


State 286

   27 postfix_expression: postfix_expression '.' IDENTIFIER •

    $default  reduce using rule 27 (postfix_expression)


State 287

   51 multiplicative_expression: multiplicative_expression '*' cast_expression •

    $default  reduce using rule 51 (multiplicative_expression)


State 288

   52 multiplicative_expression: multiplicative_expression '/' cast_expression •

    $default  reduce using rule 52 (multiplicative_expression)


State 289

   53 multiplicative_expression: multiplicative_expression '%' cast_expression •

    $default  reduce using rule 53 (multiplicative_expression)


State 290

   51 multiplicative_expression: multiplicative_expression • '*' cast_expression
   52                          | multiplicative_expression • '/' cast_expression
   53                          | multiplicative_expression • '%' cast_expression
   55 additive_expression: additive_expression '+' multiplicative_expression •

    '*'  shift, and go to state 166
    '/'  shift, and go to state 167
    '%'  shift, and go to state 168

    $default  reduce using rule 55 (additive_expression)


State 291

   51 multiplicative_expression: multiplicative_expression • '*' cast_expression
   52                          | multiplicative_expression • '/' cast_expression
   53                          | multiplicative_expression • '%' cast_expression
   56 additive_expression: additive_expression '-' multiplicative_expression •

    '*'  shift, and go to state 166
    '/'  shift, and go to state 167
    '%'  shift, and go to state 168

    $default  reduce using rule 56 (additive_expression)


State 292

   55 additive_expression: additive_expression • '+' multiplicative_expression
   56                    | additive_expression • '-' multiplicative_expression
   58 shift_expression: shift_expression LEFT_OP additive_expression •

    '+'  shift, and go to state 169
    '-'  shift, and go to state 170

    $default  reduce using rule 58 (shift_expression)


State 293

   55 additive_expression: additive_expression • '+' multiplicative_expression
   56                    | additive_expression • '-' multiplicative_expression
   59 shift_expression: shift_expression RIGHT_OP additive_expression •

    '+'  shift, and go to state 169
    '-'  shift, and go to state 170

    $default  reduce using rule 59 (shift_expression)


State 294

   58 shift_expression: shift_expression • LEFT_OP additive_expression
   59                 | shift_expression • RIGHT_OP additive_expression
   61 concatenation_expression: concatenation_expression '@' shift_expression •

    LEFT_OP   shift, and go to state 171
    RIGHT_OP  shift, and go to state 172

    $default  reduce using rule 61 (concatenation_expression)


State 295

   61 concatenation_expression: concatenation_expression • '@' shift_expression
   65 relational_expression: relational_expression LE_OP concatenation_expression •

    '@'  shift, and go to state 173

    $default  reduce using rule 65 (relational_expression)


State 296

   61 concatenation_expression: concatenation_expression • '@' shift_expression
   66 relational_expression: relational_expression GE_OP concatenation_expression •

    '@'  shift, and go to state 173

    $default  reduce using rule 66 (relational_expression)


State 297

   61 concatenation_expression: concatenation_expression • '@' shift_expression
   67 relational_expression: relational_expression TH_OP concatenation_expression •

    '@'  shift, and go to state 173

    $default  reduce using rule 67 (relational_expression)


State 298

   61 concatenation_expression: concatenation_expression • '@' shift_expression
   63 relational_expression: relational_expression '<' concatenation_expression •

    '@'  shift, and go to state 173

    $default  reduce using rule 63 (relational_expression)


State 299

   61 concatenation_expression: concatenation_expression • '@' shift_expression
   64 relational_expression: relational_expression '>' concatenation_expression •

    '@'  shift, and go to state 173

    $default  reduce using rule 64 (relational_expression)


State 300

   63 relational_expression: relational_expression • '<' concatenation_expression
   64                      | relational_expression • '>' concatenation_expression
   65                      | relational_expression • LE_OP concatenation_expression
   66                      | relational_expression • GE_OP concatenation_expression
   67                      | relational_expression • TH_OP concatenation_expression
   69 equality_expression: equality_expression EQ_OP relational_expression •

    LE_OP  shift, and go to state 174
    GE_OP  shift, and go to state 175
    TH_OP  shift, and go to state 176
    '<'    shift, and go to state 177
    '>'    shift, and go to state 178

    $default  reduce using rule 69 (equality_expression)


State 301

   63 relational_expression: relational_expression • '<' concatenation_expression
   64                      | relational_expression • '>' concatenation_expression
   65                      | relational_expression • LE_OP concatenation_expression
   66                      | relational_expression • GE_OP concatenation_expression
   67                      | relational_expression • TH_OP concatenation_expression
   70 equality_expression: equality_expression NE_OP relational_expression •

    LE_OP  shift, and go to state 174
    GE_OP  shift, and go to state 175
    TH_OP  shift, and go to state 176
    '<'    shift, and go to state 177
    '>'    shift, and go to state 178

    $default  reduce using rule 70 (equality_expression)


State 302

   69 equality_expression: equality_expression • EQ_OP relational_expression
   70                    | equality_expression • NE_OP relational_expression
   72 and_expression: and_expression '&' equality_expression •

    EQ_OP  shift, and go to state 179
    NE_OP  shift, and go to state 180

    $default  reduce using rule 72 (and_expression)


State 303

   72 and_expression: and_expression • '&' equality_expression
   74 exclusive_or_expression: exclusive_or_expression '^' and_expression •

    '&'  shift, and go to state 181

    $default  reduce using rule 74 (exclusive_or_expression)


State 304

   74 exclusive_or_expression: exclusive_or_expression • '^' and_expression
   76 inclusive_or_expression: inclusive_or_expression '|' exclusive_or_expression •

    '^'  shift, and go to state 182

    $default  reduce using rule 76 (inclusive_or_expression)


State 305

   76 inclusive_or_expression: inclusive_or_expression • '|' exclusive_or_expression
   78 logical_and_expression: logical_and_expression AND_OP inclusive_or_expression •

    '|'  shift, and go to state 183

    $default  reduce using rule 78 (logical_and_expression)


State 306

   78 logical_and_expression: logical_and_expression • AND_OP inclusive_or_expression
   80 logical_or_expression: logical_or_expression OR_OP logical_and_expression •

    AND_OP  shift, and go to state 184

    $default  reduce using rule 80 (logical_or_expression)


State 307

  228 direct_abstract_declarator: '(' ')' •

    $default  reduce using rule 228 (direct_abstract_declarator)


State 308

  229 direct_abstract_declarator: '(' parameter_type_list • ')'

    ')'  shift, and go to state 376


State 309

  211 direct_abstract_declarator: '(' abstract_declarator • ')'

    ')'  shift, and go to state 377


State 310

  214 direct_abstract_declarator: '[' STATIC • type_qualifier_list assignment_expression ']'
  215                           | '[' STATIC • assignment_expression ']'

    IDENTIFIER            shift, and go to state 74
    I_CONSTANT            shift, and go to state 75
    F_CONSTANT            shift, and go to state 76
    STRING_LITERAL        shift, and go to state 77
    FUNC_NAME             shift, and go to state 78
    SIZEOF                shift, and go to state 79
    INC_OP                shift, and go to state 80
    DEC_OP                shift, and go to state 81
    ENUMERATION_CONSTANT  shift, and go to state 82
    CONST                 shift, and go to state 8
    RESTRICT              shift, and go to state 9
    VOLATILE              shift, and go to state 10
    ALIGNOF               shift, and go to state 83
    ATOMIC                shift, and go to state 122
    GENERIC               shift, and go to state 84
    FSTRING_START         shift, and go to state 85
    '('                   shift, and go to state 86
    '&'                   shift, and go to state 87
    '*'                   shift, and go to state 88
    '+'                   shift, and go to state 89
    '-'                   shift, and go to state 90
    '~'                   shift, and go to state 91
    '!'                   shift, and go to state 92

    primary_expression         go to state 93
    f_string_expression        go to state 94
    constant                   go to state 95
    string                     go to state 96
    generic_selection          go to state 97
    postfix_expression         go to state 98
    unary_expression           go to state 154
    unary_operator             go to state 100
    cast_expression            go to state 101
    multiplicative_expression  go to state 102
    additive_expression        go to state 103
    shift_expression           go to state 104
    concatenation_expression   go to state 105
    relational_expression      go to state 106
    equality_expression        go to state 107
    and_expression             go to state 108
    exclusive_or_expression    go to state 109
    inclusive_or_expression    go to state 110
    logical_and_expression     go to state 111
    logical_or_expression      go to state 112
    conditional_expression     go to state 155
    assignment_expression      go to state 378
    type_qualifier             go to state 123
    type_qualifier_list        go to state 379


State 311

  212 direct_abstract_declarator: '[' ']' •

    $default  reduce using rule 212 (direct_abstract_declarator)


State 312

   43 unary_operator: '*' •
  213 direct_abstract_declarator: '[' '*' • ']'

    ']'  shift, and go to state 380

    $default  reduce using rule 43 (unary_operator)


State 313

  219 direct_abstract_declarator: '[' assignment_expression • ']'

    ']'  shift, and go to state 381


State 314

  196 type_qualifier_list: type_qualifier_list • type_qualifier
  216 direct_abstract_declarator: '[' type_qualifier_list • STATIC assignment_expression ']'
  217                           | '[' type_qualifier_list • assignment_expression ']'
  218                           | '[' type_qualifier_list • ']'

    IDENTIFIER            shift, and go to state 74
    I_CONSTANT            shift, and go to state 75
    F_CONSTANT            shift, and go to state 76
    STRING_LITERAL        shift, and go to state 77
    FUNC_NAME             shift, and go to state 78
    SIZEOF                shift, and go to state 79
    INC_OP                shift, and go to state 80
    DEC_OP                shift, and go to state 81
    ENUMERATION_CONSTANT  shift, and go to state 82
    STATIC                shift, and go to state 382
    CONST                 shift, and go to state 8
    RESTRICT              shift, and go to state 9
    VOLATILE              shift, and go to state 10
    ALIGNOF               shift, and go to state 83
    ATOMIC                shift, and go to state 122
    GENERIC               shift, and go to state 84
    FSTRING_START         shift, and go to state 85
    '('                   shift, and go to state 86
    ']'                   shift, and go to state 383
    '&'                   shift, and go to state 87
    '*'                   shift, and go to state 88
    '+'                   shift, and go to state 89
    '-'                   shift, and go to state 90
    '~'                   shift, and go to state 91
    '!'                   shift, and go to state 92

    primary_expression         go to state 93
    f_string_expression        go to state 94
    constant                   go to state 95
    string                     go to state 96
    generic_selection          go to state 97
    postfix_expression         go to state 98
    unary_expression           go to state 154
    unary_operator             go to state 100
    cast_expression            go to state 101
    multiplicative_expression  go to state 102
    additive_expression        go to state 103
    shift_expression           go to state 104
    concatenation_expression   go to state 105
    relational_expression      go to state 106
    equality_expression        go to state 107
    and_expression             go to state 108
    exclusive_or_expression    go to state 109
    inclusive_or_expression    go to state 110
    logical_and_expression     go to state 111
    logical_or_expression      go to state 112
    conditional_expression     go to state 155
    assignment_expression      go to state 384
    type_qualifier             go to state 198


State 315

  208 abstract_declarator: pointer direct_abstract_declarator •
  220 direct_abstract_declarator: direct_abstract_declarator • '[' ']'
  221                           | direct_abstract_declarator • '[' '*' ']'
  222                           | direct_abstract_declarator • '[' STATIC type_qualifier_list assignment_expression ']'
  223                           | direct_abstract_declarator • '[' STATIC assignment_expression ']'
  224                           | direct_abstract_declarator • '[' type_qualifier_list assignment_expression ']'
  225                           | direct_abstract_declarator • '[' type_qualifier_list STATIC assignment_expression ']'
  226                           | direct_abstract_declarator • '[' type_qualifier_list ']'
  227                           | direct_abstract_declarator • '[' assignment_expression ']'
  230                           | direct_abstract_declarator • '(' ')'
  231                           | direct_abstract_declarator • '(' parameter_type_list ')'

    '('  shift, and go to state 316
    '['  shift, and go to state 317

    $default  reduce using rule 208 (abstract_declarator)


State 316

  230 direct_abstract_declarator: direct_abstract_declarator '(' • ')'
  231                           | direct_abstract_declarator '(' • parameter_type_list ')'

    TYPEDEF_NAME  shift, and go to state 1
    TYPEDEF       shift, and go to state 2
    EXTERN        shift, and go to state 3
    STATIC        shift, and go to state 4
    AUTO          shift, and go to state 5
    REGISTER      shift, and go to state 6
    INLINE        shift, and go to state 7
    CONST         shift, and go to state 8
    RESTRICT      shift, and go to state 9
    VOLATILE      shift, and go to state 10
    BOOL          shift, and go to state 11
    CHAR          shift, and go to state 12
    SHORT         shift, and go to state 13
    INT           shift, and go to state 14
    LONG          shift, and go to state 15
    SIGNED        shift, and go to state 16
    UNSIGNED      shift, and go to state 17
    FLOAT         shift, and go to state 18
    DOUBLE        shift, and go to state 19
    VOID          shift, and go to state 20
    COMPLEX       shift, and go to state 21
    IMAGINARY     shift, and go to state 22
    STRUCT        shift, and go to state 23
    UNION         shift, and go to state 24
    ENUM          shift, and go to state 25
    ALIGNAS       shift, and go to state 26
    ATOMIC        shift, and go to state 27
    NORETURN      shift, and go to state 28
    THREAD_LOCAL  shift, and go to state 30
    ')'           shift, and go to state 385

    declaration_specifiers     go to state 234
    storage_class_specifier    go to state 33
    type_specifier             go to state 34
    struct_or_union_specifier  go to state 35
    struct_or_union            go to state 36
    enum_specifier             go to state 37
    atomic_type_specifier      go to state 38
    type_qualifier             go to state 39
    function_specifier         go to state 40
    alignment_specifier        go to state 41
    parameter_type_list        go to state 386
    parameter_list             go to state 236
    parameter_declaration      go to state 237


State 317

  220 direct_abstract_declarator: direct_abstract_declarator '[' • ']'
  221                           | direct_abstract_declarator '[' • '*' ']'
  222                           | direct_abstract_declarator '[' • STATIC type_qualifier_list assignment_expression ']'
  223                           | direct_abstract_declarator '[' • STATIC assignment_expression ']'
  224                           | direct_abstract_declarator '[' • type_qualifier_list assignment_expression ']'
  225                           | direct_abstract_declarator '[' • type_qualifier_list STATIC assignment_expression ']'
  226                           | direct_abstract_declarator '[' • type_qualifier_list ']'
  227                           | direct_abstract_declarator '[' • assignment_expression ']'

    IDENTIFIER            shift, and go to state 74
    I_CONSTANT            shift, and go to state 75
    F_CONSTANT            shift, and go to state 76
    STRING_LITERAL        shift, and go to state 77
    FUNC_NAME             shift, and go to state 78
    SIZEOF                shift, and go to state 79
    INC_OP                shift, and go to state 80
    DEC_OP                shift, and go to state 81
    ENUMERATION_CONSTANT  shift, and go to state 82
    STATIC                shift, and go to state 387
    CONST                 shift, and go to state 8
    RESTRICT              shift, and go to state 9
    VOLATILE              shift, and go to state 10
    ALIGNOF               shift, and go to state 83
    ATOMIC                shift, and go to state 122
    GENERIC               shift, and go to state 84
    FSTRING_START         shift, and go to state 85
    '('                   shift, and go to state 86
    ']'                   shift, and go to state 388
    '&'                   shift, and go to state 87
    '*'                   shift, and go to state 389
    '+'                   shift, and go to state 89
    '-'                   shift, and go to state 90
    '~'                   shift, and go to state 91
    '!'                   shift, and go to state 92

    primary_expression         go to state 93
    f_string_expression        go to state 94
    constant                   go to state 95
    string                     go to state 96
    generic_selection          go to state 97
    postfix_expression         go to state 98
    unary_expression           go to state 154
    unary_operator             go to state 100
    cast_expression            go to state 101
    multiplicative_expression  go to state 102
    additive_expression        go to state 103
    shift_expression           go to state 104
    concatenation_expression   go to state 105
    relational_expression      go to state 106
    equality_expression        go to state 107
    and_expression             go to state 108
    exclusive_or_expression    go to state 109
    inclusive_or_expression    go to state 110
    logical_and_expression     go to state 111
    logical_or_expression      go to state 112
    conditional_expression     go to state 155
    assignment_expression      go to state 390
    type_qualifier             go to state 123
    type_qualifier_list        go to state 391


State 318

  244 static_assert_declaration: STATIC_ASSERT '(' constant_expression ',' STRING_LITERAL • ')' ';'

    ')'  shift, and go to state 392


State 319

  251 labeled_statement: IDENTIFIER ':' • statement

    IDENTIFIER            shift, and go to state 202
    I_CONSTANT            shift, and go to state 75
    F_CONSTANT            shift, and go to state 76
    STRING_LITERAL        shift, and go to state 77
    FUNC_NAME             shift, and go to state 78
    SIZEOF                shift, and go to state 79
    INC_OP                shift, and go to state 80
    DEC_OP                shift, and go to state 81
    ENUMERATION_CONSTANT  shift, and go to state 82
    CASE                  shift, and go to state 203
    DEFAULT               shift, and go to state 204
    IF                    shift, and go to state 205
    SWITCH                shift, and go to state 206
    WHILE                 shift, and go to state 207
    DO                    shift, and go to state 208
    FOR                   shift, and go to state 209
    GOTO                  shift, and go to state 210
    CONTINUE              shift, and go to state 211
    BREAK                 shift, and go to state 212
    RETURN                shift, and go to state 213
    ALIGNOF               shift, and go to state 83
    GENERIC               shift, and go to state 84
    FSTRING_START         shift, and go to state 85
    '('                   shift, and go to state 86
    '{'                   shift, and go to state 128
    '&'                   shift, and go to state 87
    '*'                   shift, and go to state 88
    '+'                   shift, and go to state 89
    '-'                   shift, and go to state 90
    '~'                   shift, and go to state 91
    '!'                   shift, and go to state 92
    ';'                   shift, and go to state 215

    primary_expression         go to state 93
    f_string_expression        go to state 94
    constant                   go to state 95
    string                     go to state 96
    generic_selection          go to state 97
    postfix_expression         go to state 98
    unary_expression           go to state 154
    unary_operator             go to state 100
    cast_expression            go to state 101
    multiplicative_expression  go to state 102
    additive_expression        go to state 103
    shift_expression           go to state 104
    concatenation_expression   go to state 105
    relational_expression      go to state 106
    equality_expression        go to state 107
    and_expression             go to state 108
    exclusive_or_expression    go to state 109
    inclusive_or_expression    go to state 110
    logical_and_expression     go to state 111
    logical_or_expression      go to state 112
    conditional_expression     go to state 155
    assignment_expression      go to state 156
    expression                 go to state 216
    statement                  go to state 393
    labeled_statement          go to state 219
    compound_statement         go to state 220
    expression_statement       go to state 223
    selection_statement        go to state 224
    iteration_statement        go to state 225
    jump_statement             go to state 226


State 320

  252 labeled_statement: CASE constant_expression • ':' statement

    ':'  shift, and go to state 394


State 321

  253 labeled_statement: DEFAULT ':' • statement

    IDENTIFIER            shift, and go to state 202
    I_CONSTANT            shift, and go to state 75
    F_CONSTANT            shift, and go to state 76
    STRING_LITERAL        shift, and go to state 77
    FUNC_NAME             shift, and go to state 78
    SIZEOF                shift, and go to state 79
    INC_OP                shift, and go to state 80
    DEC_OP                shift, and go to state 81
    ENUMERATION_CONSTANT  shift, and go to state 82
    CASE                  shift, and go to state 203
    DEFAULT               shift, and go to state 204
    IF                    shift, and go to state 205
    SWITCH                shift, and go to state 206
    WHILE                 shift, and go to state 207
    DO                    shift, and go to state 208
    FOR                   shift, and go to state 209
    GOTO                  shift, and go to state 210
    CONTINUE              shift, and go to state 211
    BREAK                 shift, and go to state 212
    RETURN                shift, and go to state 213
    ALIGNOF               shift, and go to state 83
    GENERIC               shift, and go to state 84
    FSTRING_START         shift, and go to state 85
    '('                   shift, and go to state 86
    '{'                   shift, and go to state 128
    '&'                   shift, and go to state 87
    '*'                   shift, and go to state 88
    '+'                   shift, and go to state 89
    '-'                   shift, and go to state 90
    '~'                   shift, and go to state 91
    '!'                   shift, and go to state 92
    ';'                   shift, and go to state 215

    primary_expression         go to state 93
    f_string_expression        go to state 94
    constant                   go to state 95
    string                     go to state 96
    generic_selection          go to state 97
    postfix_expression         go to state 98
    unary_expression           go to state 154
    unary_operator             go to state 100
    cast_expression            go to state 101
    multiplicative_expression  go to state 102
    additive_expression        go to state 103
    shift_expression           go to state 104
    concatenation_expression   go to state 105
    relational_expression      go to state 106
    equality_expression        go to state 107
    and_expression             go to state 108
    exclusive_or_expression    go to state 109
    inclusive_or_expression    go to state 110
    logical_and_expression     go to state 111
    logical_or_expression      go to state 112
    conditional_expression     go to state 155
    assignment_expression      go to state 156
    expression                 go to state 216
    statement                  go to state 395
    labeled_statement          go to state 219
    compound_statement         go to state 220
    expression_statement       go to state 223
    selection_statement        go to state 224
    iteration_statement        go to state 225
    jump_statement             go to state 226


State 322

  263 selection_statement: IF '(' • expression ')' statement ELSE $@2 statement
  264                    | IF '(' • expression ')' statement

    IDENTIFIER            shift, and go to state 74
    I_CONSTANT            shift, and go to state 75
    F_CONSTANT            shift, and go to state 76
    STRING_LITERAL        shift, and go to state 77
    FUNC_NAME             shift, and go to state 78
    SIZEOF                shift, and go to state 79
    INC_OP                shift, and go to state 80
    DEC_OP                shift, and go to state 81
    ENUMERATION_CONSTANT  shift, and go to state 82
    ALIGNOF               shift, and go to state 83
    GENERIC               shift, and go to state 84
    FSTRING_START         shift, and go to state 85
    '('                   shift, and go to state 86
    '&'                   shift, and go to state 87
    '*'                   shift, and go to state 88
    '+'                   shift, and go to state 89
    '-'                   shift, and go to state 90
    '~'                   shift, and go to state 91
    '!'                   shift, and go to state 92

    primary_expression         go to state 93
    f_string_expression        go to state 94
    constant                   go to state 95
    string                     go to state 96
    generic_selection          go to state 97
    postfix_expression         go to state 98
    unary_expression           go to state 154
    unary_operator             go to state 100
    cast_expression            go to state 101
    multiplicative_expression  go to state 102
    additive_expression        go to state 103
    shift_expression           go to state 104
    concatenation_expression   go to state 105
    relational_expression      go to state 106
    equality_expression        go to state 107
    and_expression             go to state 108
    exclusive_or_expression    go to state 109
    inclusive_or_expression    go to state 110
    logical_and_expression     go to state 111
    logical_or_expression      go to state 112
    conditional_expression     go to state 155
    assignment_expression      go to state 156
    expression                 go to state 396


State 323

  265 selection_statement: SWITCH '(' • expression ')' statement

    IDENTIFIER            shift, and go to state 74
    I_CONSTANT            shift, and go to state 75
    F_CONSTANT            shift, and go to state 76
    STRING_LITERAL        shift, and go to state 77
    FUNC_NAME             shift, and go to state 78
    SIZEOF                shift, and go to state 79
    INC_OP                shift, and go to state 80
    DEC_OP                shift, and go to state 81
    ENUMERATION_CONSTANT  shift, and go to state 82
    ALIGNOF               shift, and go to state 83
    GENERIC               shift, and go to state 84
    FSTRING_START         shift, and go to state 85
    '('                   shift, and go to state 86
    '&'                   shift, and go to state 87
    '*'                   shift, and go to state 88
    '+'                   shift, and go to state 89
    '-'                   shift, and go to state 90
    '~'                   shift, and go to state 91
    '!'                   shift, and go to state 92

    primary_expression         go to state 93
    f_string_expression        go to state 94
    constant                   go to state 95
    string                     go to state 96
    generic_selection          go to state 97
    postfix_expression         go to state 98
    unary_expression           go to state 154
    unary_operator             go to state 100
    cast_expression            go to state 101
    multiplicative_expression  go to state 102
    additive_expression        go to state 103
    shift_expression           go to state 104
    concatenation_expression   go to state 105
    relational_expression      go to state 106
    equality_expression        go to state 107
    and_expression             go to state 108
    exclusive_or_expression    go to state 109
    inclusive_or_expression    go to state 110
    logical_and_expression     go to state 111
    logical_or_expression      go to state 112
    conditional_expression     go to state 155
    assignment_expression      go to state 156
    expression                 go to state 397


State 324

  266 iteration_statement: WHILE '(' • expression ')' statement

    IDENTIFIER            shift, and go to state 74
    I_CONSTANT            shift, and go to state 75
    F_CONSTANT            shift, and go to state 76
    STRING_LITERAL        shift, and go to state 77
    FUNC_NAME             shift, and go to state 78
    SIZEOF                shift, and go to state 79
    INC_OP                shift, and go to state 80
    DEC_OP                shift, and go to state 81
    ENUMERATION_CONSTANT  shift, and go to state 82
    ALIGNOF               shift, and go to state 83
    GENERIC               shift, and go to state 84
    FSTRING_START         shift, and go to state 85
    '('                   shift, and go to state 86
    '&'                   shift, and go to state 87
    '*'                   shift, and go to state 88
    '+'                   shift, and go to state 89
    '-'                   shift, and go to state 90
    '~'                   shift, and go to state 91
    '!'                   shift, and go to state 92

    primary_expression         go to state 93
    f_string_expression        go to state 94
    constant                   go to state 95
    string                     go to state 96
    generic_selection          go to state 97
    postfix_expression         go to state 98
    unary_expression           go to state 154
    unary_operator             go to state 100
    cast_expression            go to state 101
    multiplicative_expression  go to state 102
    additive_expression        go to state 103
    shift_expression           go to state 104
    concatenation_expression   go to state 105
    relational_expression      go to state 106
    equality_expression        go to state 107
    and_expression             go to state 108
    exclusive_or_expression    go to state 109
    inclusive_or_expression    go to state 110
    logical_and_expression     go to state 111
    logical_or_expression      go to state 112
    conditional_expression     go to state 155
    assignment_expression      go to state 156
    expression                 go to state 398


State 325

  267 iteration_statement: DO statement • WHILE '(' expression ')' ';'

    WHILE  shift, and go to state 399


State 326

  268 iteration_statement: FOR '(' • expression_statement expression_statement ')' statement
  269                    | FOR '(' • expression_statement expression_statement expression ')' statement
  270                    | FOR '(' • declaration expression_statement ')' statement
  271                    | FOR '(' • declaration expression_statement expression ')' statement

    IDENTIFIER            shift, and go to state 74
    I_CONSTANT            shift, and go to state 75
    F_CONSTANT            shift, and go to state 76
    STRING_LITERAL        shift, and go to state 77
    FUNC_NAME             shift, and go to state 78
    SIZEOF                shift, and go to state 79
    INC_OP                shift, and go to state 80
    DEC_OP                shift, and go to state 81
    TYPEDEF_NAME          shift, and go to state 1
    ENUMERATION_CONSTANT  shift, and go to state 82
    TYPEDEF               shift, and go to state 2
    EXTERN                shift, and go to state 3
    STATIC                shift, and go to state 4
    AUTO                  shift, and go to state 5
    REGISTER              shift, and go to state 6
    INLINE                shift, and go to state 7
    CONST                 shift, and go to state 8
    RESTRICT              shift, and go to state 9
    VOLATILE              shift, and go to state 10
    BOOL                  shift, and go to state 11
    CHAR                  shift, and go to state 12
    SHORT                 shift, and go to state 13
    INT                   shift, and go to state 14
    LONG                  shift, and go to state 15
    SIGNED                shift, and go to state 16
    UNSIGNED              shift, and go to state 17
    FLOAT                 shift, and go to state 18
    DOUBLE                shift, and go to state 19
    VOID                  shift, and go to state 20
    COMPLEX               shift, and go to state 21
    IMAGINARY             shift, and go to state 22
    STRUCT                shift, and go to state 23
    UNION                 shift, and go to state 24
    ENUM                  shift, and go to state 25
    ALIGNAS               shift, and go to state 26
    ALIGNOF               shift, and go to state 83
    ATOMIC                shift, and go to state 27
    GENERIC               shift, and go to state 84
    NORETURN              shift, and go to state 28
    STATIC_ASSERT         shift, and go to state 29
    THREAD_LOCAL          shift, and go to state 30
    FSTRING_START         shift, and go to state 85
    '('                   shift, and go to state 86
    '&'                   shift, and go to state 87
    '*'                   shift, and go to state 88
    '+'                   shift, and go to state 89
    '-'                   shift, and go to state 90
    '~'                   shift, and go to state 91
    '!'                   shift, and go to state 92
    ';'                   shift, and go to state 215

    primary_expression         go to state 93
    f_string_expression        go to state 94
    constant                   go to state 95
    string                     go to state 96
    generic_selection          go to state 97
    postfix_expression         go to state 98
    unary_expression           go to state 154
    unary_operator             go to state 100
    cast_expression            go to state 101
    multiplicative_expression  go to state 102
    additive_expression        go to state 103
    shift_expression           go to state 104
    concatenation_expression   go to state 105
    relational_expression      go to state 106
    equality_expression        go to state 107
    and_expression             go to state 108
    exclusive_or_expression    go to state 109
    inclusive_or_expression    go to state 110
    logical_and_expression     go to state 111
    logical_or_expression      go to state 112
    conditional_expression     go to state 155
    assignment_expression      go to state 156
    expression                 go to state 216
    declaration                go to state 400
    declaration_specifiers     go to state 131
    storage_class_specifier    go to state 33
    type_specifier             go to state 34
    struct_or_union_specifier  go to state 35
    struct_or_union            go to state 36
    enum_specifier             go to state 37
    atomic_type_specifier      go to state 38
    type_qualifier             go to state 39
    function_specifier         go to state 40
    alignment_specifier        go to state 41
    static_assert_declaration  go to state 42
    expression_statement       go to state 401


State 327

  272 jump_statement: GOTO IDENTIFIER • ';'

    ';'  shift, and go to state 402


State 328

  273 jump_statement: CONTINUE ';' •

    $default  reduce using rule 273 (jump_statement)


State 329

  274 jump_statement: BREAK ';' •

    $default  reduce using rule 274 (jump_statement)


State 330

  275 jump_statement: RETURN ';' •

    $default  reduce using rule 275 (jump_statement)


State 331

   96 expression: expression • ',' assignment_expression
  276 jump_statement: RETURN expression • ';'

    ','  shift, and go to state 279
    ';'  shift, and go to state 403


State 332

  261 expression_statement: expression ';' •

    $default  reduce using rule 261 (expression_statement)


State 333

  255 compound_statement: '{' block_item_list '}' •

    $default  reduce using rule 255 (compound_statement)


State 334

  257 block_item_list: block_item_list block_item •

    $default  reduce using rule 257 (block_item_list)


State 335

  242 designator: '[' • constant_expression ']'

    IDENTIFIER            shift, and go to state 74
    I_CONSTANT            shift, and go to state 75
    F_CONSTANT            shift, and go to state 76
    STRING_LITERAL        shift, and go to state 77
    FUNC_NAME             shift, and go to state 78
    SIZEOF                shift, and go to state 79
    INC_OP                shift, and go to state 80
    DEC_OP                shift, and go to state 81
    ENUMERATION_CONSTANT  shift, and go to state 82
    ALIGNOF               shift, and go to state 83
    GENERIC               shift, and go to state 84
    FSTRING_START         shift, and go to state 85
    '('                   shift, and go to state 86
    '&'                   shift, and go to state 87
    '*'                   shift, and go to state 88
    '+'                   shift, and go to state 89
    '-'                   shift, and go to state 90
    '~'                   shift, and go to state 91
    '!'                   shift, and go to state 92

    primary_expression         go to state 93
    f_string_expression        go to state 94
    constant                   go to state 95
    string                     go to state 96
    generic_selection          go to state 97
    postfix_expression         go to state 98
    unary_expression           go to state 99
    unary_operator             go to state 100
    cast_expression            go to state 101
    multiplicative_expression  go to state 102
    additive_expression        go to state 103
    shift_expression           go to state 104
    concatenation_expression   go to state 105
    relational_expression      go to state 106
    equality_expression        go to state 107
    and_expression             go to state 108
    exclusive_or_expression    go to state 109
    inclusive_or_expression    go to state 110
    logical_and_expression     go to state 111
    logical_or_expression      go to state 112
    conditional_expression     go to state 113
    constant_expression        go to state 404


State 336

  243 designator: '.' • IDENTIFIER

    IDENTIFIER  shift, and go to state 405


State 337

  236 initializer_list: initializer •

    $default  reduce using rule 236 (initializer_list)


State 338

  232 initializer: '{' initializer_list • '}'
  233            | '{' initializer_list • ',' '}'
  237 initializer_list: initializer_list • ',' designation initializer
  238                 | initializer_list • ',' initializer

    ','  shift, and go to state 406
    '}'  shift, and go to state 407


State 339

  235 initializer_list: designation • initializer

    IDENTIFIER            shift, and go to state 74
    I_CONSTANT            shift, and go to state 75
    F_CONSTANT            shift, and go to state 76
    STRING_LITERAL        shift, and go to state 77
    FUNC_NAME             shift, and go to state 78
    SIZEOF                shift, and go to state 79
    INC_OP                shift, and go to state 80
    DEC_OP                shift, and go to state 81
    ENUMERATION_CONSTANT  shift, and go to state 82
    ALIGNOF               shift, and go to state 83
    GENERIC               shift, and go to state 84
    FSTRING_START         shift, and go to state 85
    '('                   shift, and go to state 86
    '{'                   shift, and go to state 227
    '&'                   shift, and go to state 87
    '*'                   shift, and go to state 88
    '+'                   shift, and go to state 89
    '-'                   shift, and go to state 90
    '~'                   shift, and go to state 91
    '!'                   shift, and go to state 92

    primary_expression         go to state 93
    f_string_expression        go to state 94
    constant                   go to state 95
    string                     go to state 96
    generic_selection          go to state 97
    postfix_expression         go to state 98
    unary_expression           go to state 154
    unary_operator             go to state 100
    cast_expression            go to state 101
    multiplicative_expression  go to state 102
    additive_expression        go to state 103
    shift_expression           go to state 104
    concatenation_expression   go to state 105
    relational_expression      go to state 106
    equality_expression        go to state 107
    and_expression             go to state 108
    exclusive_or_expression    go to state 109
    inclusive_or_expression    go to state 110
    logical_and_expression     go to state 111
    logical_or_expression      go to state 112
    conditional_expression     go to state 155
    assignment_expression      go to state 228
    initializer                go to state 408


State 340

  239 designation: designator_list • '='
  241 designator_list: designator_list • designator

    '['  shift, and go to state 335
    '.'  shift, and go to state 336
    '='  shift, and go to state 409

    designator  go to state 410


State 341

  240 designator_list: designator •

    $default  reduce using rule 240 (designator_list)


State 342

  178 direct_declarator: '(' • declarator ')'
  211 direct_abstract_declarator: '(' • abstract_declarator ')'
  228                           | '(' • ')'
  229                           | '(' • parameter_type_list ')'

    IDENTIFIER    shift, and go to state 51
    TYPEDEF_NAME  shift, and go to state 1
    TYPEDEF       shift, and go to state 2
    EXTERN        shift, and go to state 3
    STATIC        shift, and go to state 4
    AUTO          shift, and go to state 5
    REGISTER      shift, and go to state 6
    INLINE        shift, and go to state 7
    CONST         shift, and go to state 8
    RESTRICT      shift, and go to state 9
    VOLATILE      shift, and go to state 10
    BOOL          shift, and go to state 11
    CHAR          shift, and go to state 12
    SHORT         shift, and go to state 13
    INT           shift, and go to state 14
    LONG          shift, and go to state 15
    SIGNED        shift, and go to state 16
    UNSIGNED      shift, and go to state 17
    FLOAT         shift, and go to state 18
    DOUBLE        shift, and go to state 19
    VOID          shift, and go to state 20
    COMPLEX       shift, and go to state 21
    IMAGINARY     shift, and go to state 22
    STRUCT        shift, and go to state 23
    UNION         shift, and go to state 24
    ENUM          shift, and go to state 25
    ALIGNAS       shift, and go to state 26
    ATOMIC        shift, and go to state 27
    NORETURN      shift, and go to state 28
    THREAD_LOCAL  shift, and go to state 30
    '('           shift, and go to state 342
    ')'           shift, and go to state 307
    '['           shift, and go to state 189
    '*'           shift, and go to state 53

    declaration_specifiers      go to state 234
    storage_class_specifier     go to state 33
    type_specifier              go to state 34
    struct_or_union_specifier   go to state 35
    struct_or_union             go to state 36
    enum_specifier              go to state 37
    atomic_type_specifier       go to state 38
    type_qualifier              go to state 39
    function_specifier          go to state 40
    alignment_specifier         go to state 41
    declarator                  go to state 121
    direct_declarator           go to state 58
    pointer                     go to state 344
    parameter_type_list         go to state 308
    parameter_list              go to state 236
    parameter_declaration       go to state 237
    abstract_declarator         go to state 309
    direct_abstract_declarator  go to state 192


State 343

  201 parameter_declaration: declaration_specifiers declarator •

    $default  reduce using rule 201 (parameter_declaration)


State 344

  175 declarator: pointer • $@1 direct_declarator
  208 abstract_declarator: pointer • direct_abstract_declarator
  209                    | pointer •

    '('  shift, and go to state 188
    '['  shift, and go to state 189

    IDENTIFIER  reduce using rule 174 ($@1)
    '('         [reduce using rule 174 ($@1)]
    $default    reduce using rule 209 (abstract_declarator)

    $@1                         go to state 136
    direct_abstract_declarator  go to state 315


State 345

  202 parameter_declaration: declaration_specifiers abstract_declarator •

    $default  reduce using rule 202 (parameter_declaration)


State 346

  188 direct_declarator: direct_declarator '(' parameter_type_list ')' •

    $default  reduce using rule 188 (direct_declarator)


State 347

  197 parameter_type_list: parameter_list ',' • ELLIPSIS
  200 parameter_list: parameter_list ',' • parameter_declaration

    TYPEDEF_NAME  shift, and go to state 1
    TYPEDEF       shift, and go to state 2
    EXTERN        shift, and go to state 3
    STATIC        shift, and go to state 4
    AUTO          shift, and go to state 5
    REGISTER      shift, and go to state 6
    INLINE        shift, and go to state 7
    CONST         shift, and go to state 8
    RESTRICT      shift, and go to state 9
    VOLATILE      shift, and go to state 10
    BOOL          shift, and go to state 11
    CHAR          shift, and go to state 12
    SHORT         shift, and go to state 13
    INT           shift, and go to state 14
    LONG          shift, and go to state 15
    SIGNED        shift, and go to state 16
    UNSIGNED      shift, and go to state 17
    FLOAT         shift, and go to state 18
    DOUBLE        shift, and go to state 19
    VOID          shift, and go to state 20
    COMPLEX       shift, and go to state 21
    IMAGINARY     shift, and go to state 22
    STRUCT        shift, and go to state 23
    UNION         shift, and go to state 24
    ENUM          shift, and go to state 25
    ELLIPSIS      shift, and go to state 411
    ALIGNAS       shift, and go to state 26
    ATOMIC        shift, and go to state 27
    NORETURN      shift, and go to state 28
    THREAD_LOCAL  shift, and go to state 30

    declaration_specifiers     go to state 234
    storage_class_specifier    go to state 33
    type_specifier             go to state 34
    struct_or_union_specifier  go to state 35
    struct_or_union            go to state 36
    enum_specifier             go to state 37
    atomic_type_specifier      go to state 38
    type_qualifier             go to state 39
    function_specifier         go to state 40
    alignment_specifier        go to state 41
    parameter_declaration      go to state 412


State 348

  190 direct_declarator: direct_declarator '(' identifier_list ')' •

    $default  reduce using rule 190 (direct_declarator)


State 349

  205 identifier_list: identifier_list ',' • IDENTIFIER

    IDENTIFIER  shift, and go to state 413


State 350

  182 direct_declarator: direct_declarator '[' STATIC assignment_expression • ']'

    ']'  shift, and go to state 414


State 351

  181 direct_declarator: direct_declarator '[' STATIC type_qualifier_list • assignment_expression ']'
  196 type_qualifier_list: type_qualifier_list • type_qualifier

    IDENTIFIER            shift, and go to state 74
    I_CONSTANT            shift, and go to state 75
    F_CONSTANT            shift, and go to state 76
    STRING_LITERAL        shift, and go to state 77
    FUNC_NAME             shift, and go to state 78
    SIZEOF                shift, and go to state 79
    INC_OP                shift, and go to state 80
    DEC_OP                shift, and go to state 81
    ENUMERATION_CONSTANT  shift, and go to state 82
    CONST                 shift, and go to state 8
    RESTRICT              shift, and go to state 9
    VOLATILE              shift, and go to state 10
    ALIGNOF               shift, and go to state 83
    ATOMIC                shift, and go to state 122
    GENERIC               shift, and go to state 84
    FSTRING_START         shift, and go to state 85
    '('                   shift, and go to state 86
    '&'                   shift, and go to state 87
    '*'                   shift, and go to state 88
    '+'                   shift, and go to state 89
    '-'                   shift, and go to state 90
    '~'                   shift, and go to state 91
    '!'                   shift, and go to state 92

    primary_expression         go to state 93
    f_string_expression        go to state 94
    constant                   go to state 95
    string                     go to state 96
    generic_selection          go to state 97
    postfix_expression         go to state 98
    unary_expression           go to state 154
    unary_operator             go to state 100
    cast_expression            go to state 101
    multiplicative_expression  go to state 102
    additive_expression        go to state 103
    shift_expression           go to state 104
    concatenation_expression   go to state 105
    relational_expression      go to state 106
    equality_expression        go to state 107
    and_expression             go to state 108
    exclusive_or_expression    go to state 109
    inclusive_or_expression    go to state 110
    logical_and_expression     go to state 111
    logical_or_expression      go to state 112
    conditional_expression     go to state 155
    assignment_expression      go to state 415
    type_qualifier             go to state 198


State 352

  180 direct_declarator: direct_declarator '[' '*' ']' •

    $default  reduce using rule 180 (direct_declarator)


State 353

  187 direct_declarator: direct_declarator '[' assignment_expression ']' •

    $default  reduce using rule 187 (direct_declarator)


State 354

  184 direct_declarator: direct_declarator '[' type_qualifier_list STATIC • assignment_expression ']'

    IDENTIFIER            shift, and go to state 74
    I_CONSTANT            shift, and go to state 75
    F_CONSTANT            shift, and go to state 76
    STRING_LITERAL        shift, and go to state 77
    FUNC_NAME             shift, and go to state 78
    SIZEOF                shift, and go to state 79
    INC_OP                shift, and go to state 80
    DEC_OP                shift, and go to state 81
    ENUMERATION_CONSTANT  shift, and go to state 82
    ALIGNOF               shift, and go to state 83
    GENERIC               shift, and go to state 84
    FSTRING_START         shift, and go to state 85
    '('                   shift, and go to state 86
    '&'                   shift, and go to state 87
    '*'                   shift, and go to state 88
    '+'                   shift, and go to state 89
    '-'                   shift, and go to state 90
    '~'                   shift, and go to state 91
    '!'                   shift, and go to state 92

    primary_expression         go to state 93
    f_string_expression        go to state 94
    constant                   go to state 95
    string                     go to state 96
    generic_selection          go to state 97
    postfix_expression         go to state 98
    unary_expression           go to state 154
    unary_operator             go to state 100
    cast_expression            go to state 101
    multiplicative_expression  go to state 102
    additive_expression        go to state 103
    shift_expression           go to state 104
    concatenation_expression   go to state 105
    relational_expression      go to state 106
    equality_expression        go to state 107
    and_expression             go to state 108
    exclusive_or_expression    go to state 109
    inclusive_or_expression    go to state 110
    logical_and_expression     go to state 111
    logical_or_expression      go to state 112
    conditional_expression     go to state 155
    assignment_expression      go to state 416


State 355

  186 direct_declarator: direct_declarator '[' type_qualifier_list ']' •

    $default  reduce using rule 186 (direct_declarator)


State 356

   43 unary_operator: '*' •
  183 direct_declarator: direct_declarator '[' type_qualifier_list '*' • ']'

    ']'  shift, and go to state 417

    $default  reduce using rule 43 (unary_operator)


State 357

  185 direct_declarator: direct_declarator '[' type_qualifier_list assignment_expression • ']'

    ']'  shift, and go to state 418


State 358

  138 struct_or_union_specifier: struct_or_union IDENTIFIER '{' struct_declaration_list '}' •

    $default  reduce using rule 138 (struct_or_union_specifier)


State 359

  153 struct_declarator: ':' constant_expression •

    $default  reduce using rule 153 (struct_declarator)


State 360

  152 struct_declarator_list: struct_declarator_list ',' • struct_declarator

    IDENTIFIER  shift, and go to state 51
    '('         shift, and go to state 52
    ':'         shift, and go to state 248
    '*'         shift, and go to state 53

    struct_declarator  go to state 419
    declarator         go to state 252
    direct_declarator  go to state 58
    pointer            go to state 59


State 361

  145 struct_declaration: specifier_qualifier_list struct_declarator_list ';' •

    $default  reduce using rule 145 (struct_declaration)


State 362

  154 struct_declarator: declarator ':' • constant_expression

    IDENTIFIER            shift, and go to state 74
    I_CONSTANT            shift, and go to state 75
    F_CONSTANT            shift, and go to state 76
    STRING_LITERAL        shift, and go to state 77
    FUNC_NAME             shift, and go to state 78
    SIZEOF                shift, and go to state 79
    INC_OP                shift, and go to state 80
    DEC_OP                shift, and go to state 81
    ENUMERATION_CONSTANT  shift, and go to state 82
    ALIGNOF               shift, and go to state 83
    GENERIC               shift, and go to state 84
    FSTRING_START         shift, and go to state 85
    '('                   shift, and go to state 86
    '&'                   shift, and go to state 87
    '*'                   shift, and go to state 88
    '+'                   shift, and go to state 89
    '-'                   shift, and go to state 90
    '~'                   shift, and go to state 91
    '!'                   shift, and go to state 92

    primary_expression         go to state 93
    f_string_expression        go to state 94
    constant                   go to state 95
    string                     go to state 96
    generic_selection          go to state 97
    postfix_expression         go to state 98
    unary_expression           go to state 99
    unary_operator             go to state 100
    cast_expression            go to state 101
    multiplicative_expression  go to state 102
    additive_expression        go to state 103
    shift_expression           go to state 104
    concatenation_expression   go to state 105
    relational_expression      go to state 106
    equality_expression        go to state 107
    and_expression             go to state 108
    exclusive_or_expression    go to state 109
    inclusive_or_expression    go to state 110
    logical_and_expression     go to state 111
    logical_or_expression      go to state 112
    conditional_expression     go to state 113
    constant_expression        go to state 420


State 363

  159 enum_specifier: ENUM IDENTIFIER '{' enumerator_list ',' '}' •

    $default  reduce using rule 159 (enum_specifier)


State 364

   31 postfix_expression: '(' type_name ')' • '{' initializer_list '}'
   32                   | '(' type_name ')' • '{' initializer_list ',' '}'
   40 unary_expression: SIZEOF '(' type_name ')' •

    '{'  shift, and go to state 371

    $default  reduce using rule 40 (unary_expression)


State 365

   31 postfix_expression: '(' type_name ')' • '{' initializer_list '}'
   32                   | '(' type_name ')' • '{' initializer_list ',' '}'

    '{'  shift, and go to state 371


State 366

   41 unary_expression: ALIGNOF '(' type_name ')' •

    $default  reduce using rule 41 (unary_expression)


State 367

   18 generic_selection: GENERIC '(' assignment_expression ',' • generic_assoc_list ')'

    TYPEDEF_NAME  shift, and go to state 1
    CONST         shift, and go to state 8
    RESTRICT      shift, and go to state 9
    VOLATILE      shift, and go to state 10
    BOOL          shift, and go to state 11
    CHAR          shift, and go to state 12
    SHORT         shift, and go to state 13
    INT           shift, and go to state 14
    LONG          shift, and go to state 15
    SIGNED        shift, and go to state 16
    UNSIGNED      shift, and go to state 17
    FLOAT         shift, and go to state 18
    DOUBLE        shift, and go to state 19
    VOID          shift, and go to state 20
    COMPLEX       shift, and go to state 21
    IMAGINARY     shift, and go to state 22
    STRUCT        shift, and go to state 23
    UNION         shift, and go to state 24
    ENUM          shift, and go to state 25
    DEFAULT       shift, and go to state 421
    ATOMIC        shift, and go to state 27

    generic_assoc_list         go to state 422
    generic_association        go to state 423
    type_specifier             go to state 115
    struct_or_union_specifier  go to state 35
    struct_or_union            go to state 36
    specifier_qualifier_list   go to state 116
    enum_specifier             go to state 37
    atomic_type_specifier      go to state 38
    type_qualifier             go to state 117
    type_name                  go to state 424


State 368

   11 interpolation_block: INTERPOLATION_START expression • INTERPOLATION_END
   96 expression: expression • ',' assignment_expression

    INTERPOLATION_END  shift, and go to state 425
    ','                shift, and go to state 279


State 369

   83 assignment_expression: unary_expression assignment_operator assignment_expression •

    $default  reduce using rule 83 (assignment_expression)


State 370

   96 expression: expression ',' assignment_expression •

    $default  reduce using rule 96 (expression)


State 371

   31 postfix_expression: '(' type_name ')' '{' • initializer_list '}'
   32                   | '(' type_name ')' '{' • initializer_list ',' '}'

    IDENTIFIER            shift, and go to state 74
    I_CONSTANT            shift, and go to state 75
    F_CONSTANT            shift, and go to state 76
    STRING_LITERAL        shift, and go to state 77
    FUNC_NAME             shift, and go to state 78
    SIZEOF                shift, and go to state 79
    INC_OP                shift, and go to state 80
    DEC_OP                shift, and go to state 81
    ENUMERATION_CONSTANT  shift, and go to state 82
    ALIGNOF               shift, and go to state 83
    GENERIC               shift, and go to state 84
    FSTRING_START         shift, and go to state 85
    '('                   shift, and go to state 86
    '['                   shift, and go to state 335
    '.'                   shift, and go to state 336
    '{'                   shift, and go to state 227
    '&'                   shift, and go to state 87
    '*'                   shift, and go to state 88
    '+'                   shift, and go to state 89
    '-'                   shift, and go to state 90
    '~'                   shift, and go to state 91
    '!'                   shift, and go to state 92

    primary_expression         go to state 93
    f_string_expression        go to state 94
    constant                   go to state 95
    string                     go to state 96
    generic_selection          go to state 97
    postfix_expression         go to state 98
    unary_expression           go to state 154
    unary_operator             go to state 100
    cast_expression            go to state 101
    multiplicative_expression  go to state 102
    additive_expression        go to state 103
    shift_expression           go to state 104
    concatenation_expression   go to state 105
    relational_expression      go to state 106
    equality_expression        go to state 107
    and_expression             go to state 108
    exclusive_or_expression    go to state 109
    inclusive_or_expression    go to state 110
    logical_and_expression     go to state 111
    logical_or_expression      go to state 112
    conditional_expression     go to state 155
    assignment_expression      go to state 228
    initializer                go to state 337
    initializer_list           go to state 426
    designation                go to state 339
    designator_list            go to state 340
    designator                 go to state 341


State 372

   49 cast_expression: '(' type_name ')' cast_expression •

    $default  reduce using rule 49 (cast_expression)


State 373

   26 postfix_expression: postfix_expression '(' argument_expression_list ')' •

    $default  reduce using rule 26 (postfix_expression)


State 374

   34 argument_expression_list: argument_expression_list ',' • assignment_expression

    IDENTIFIER            shift, and go to state 74
    I_CONSTANT            shift, and go to state 75
    F_CONSTANT            shift, and go to state 76
    STRING_LITERAL        shift, and go to state 77
    FUNC_NAME             shift, and go to state 78
    SIZEOF                shift, and go to state 79
    INC_OP                shift, and go to state 80
    DEC_OP                shift, and go to state 81
    ENUMERATION_CONSTANT  shift, and go to state 82
    ALIGNOF               shift, and go to state 83
    GENERIC               shift, and go to state 84
    FSTRING_START         shift, and go to state 85
    '('                   shift, and go to state 86
    '&'                   shift, and go to state 87
    '*'                   shift, and go to state 88
    '+'                   shift, and go to state 89
    '-'                   shift, and go to state 90
    '~'                   shift, and go to state 91
    '!'                   shift, and go to state 92

    primary_expression         go to state 93
    f_string_expression        go to state 94
    constant                   go to state 95
    string                     go to state 96
    generic_selection          go to state 97
    postfix_expression         go to state 98
    unary_expression           go to state 154
    unary_operator             go to state 100
    cast_expression            go to state 101
    multiplicative_expression  go to state 102
    additive_expression        go to state 103
    shift_expression           go to state 104
    concatenation_expression   go to state 105
    relational_expression      go to state 106
    equality_expression        go to state 107
    and_expression             go to state 108
    exclusive_or_expression    go to state 109
    inclusive_or_expression    go to state 110
    logical_and_expression     go to state 111
    logical_or_expression      go to state 112
    conditional_expression     go to state 155
    assignment_expression      go to state 427


State 375

   24 postfix_expression: postfix_expression '[' expression ']' •

    $default  reduce using rule 24 (postfix_expression)


State 376

  229 direct_abstract_declarator: '(' parameter_type_list ')' •

    $default  reduce using rule 229 (direct_abstract_declarator)


State 377

  211 direct_abstract_declarator: '(' abstract_declarator ')' •

    $default  reduce using rule 211 (direct_abstract_declarator)


State 378

  215 direct_abstract_declarator: '[' STATIC assignment_expression • ']'

    ']'  shift, and go to state 428


State 379

  196 type_qualifier_list: type_qualifier_list • type_qualifier
  214 direct_abstract_declarator: '[' STATIC type_qualifier_list • assignment_expression ']'

    IDENTIFIER            shift, and go to state 74
    I_CONSTANT            shift, and go to state 75
    F_CONSTANT            shift, and go to state 76
    STRING_LITERAL        shift, and go to state 77
    FUNC_NAME             shift, and go to state 78
    SIZEOF                shift, and go to state 79
    INC_OP                shift, and go to state 80
    DEC_OP                shift, and go to state 81
    ENUMERATION_CONSTANT  shift, and go to state 82
    CONST                 shift, and go to state 8
    RESTRICT              shift, and go to state 9
    VOLATILE              shift, and go to state 10
    ALIGNOF               shift, and go to state 83
    ATOMIC                shift, and go to state 122
    GENERIC               shift, and go to state 84
    FSTRING_START         shift, and go to state 85
    '('                   shift, and go to state 86
    '&'                   shift, and go to state 87
    '*'                   shift, and go to state 88
    '+'                   shift, and go to state 89
    '-'                   shift, and go to state 90
    '~'                   shift, and go to state 91
    '!'                   shift, and go to state 92

    primary_expression         go to state 93
    f_string_expression        go to state 94
    constant                   go to state 95
    string                     go to state 96
    generic_selection          go to state 97
    postfix_expression         go to state 98
    unary_expression           go to state 154
    unary_operator             go to state 100
    cast_expression            go to state 101
    multiplicative_expression  go to state 102
    additive_expression        go to state 103
    shift_expression           go to state 104
    concatenation_expression   go to state 105
    relational_expression      go to state 106
    equality_expression        go to state 107
    and_expression             go to state 108
    exclusive_or_expression    go to state 109
    inclusive_or_expression    go to state 110
    logical_and_expression     go to state 111
    logical_or_expression      go to state 112
    conditional_expression     go to state 155
    assignment_expression      go to state 429
    type_qualifier             go to state 198


State 380

  213 direct_abstract_declarator: '[' '*' ']' •

    $default  reduce using rule 213 (direct_abstract_declarator)


State 381

  219 direct_abstract_declarator: '[' assignment_expression ']' •

    $default  reduce using rule 219 (direct_abstract_declarator)


State 382

  216 direct_abstract_declarator: '[' type_qualifier_list STATIC • assignment_expression ']'

    IDENTIFIER            shift, and go to state 74
    I_CONSTANT            shift, and go to state 75
    F_CONSTANT            shift, and go to state 76
    STRING_LITERAL        shift, and go to state 77
    FUNC_NAME             shift, and go to state 78
    SIZEOF                shift, and go to state 79
    INC_OP                shift, and go to state 80
    DEC_OP                shift, and go to state 81
    ENUMERATION_CONSTANT  shift, and go to state 82
    ALIGNOF               shift, and go to state 83
    GENERIC               shift, and go to state 84
    FSTRING_START         shift, and go to state 85
    '('                   shift, and go to state 86
    '&'                   shift, and go to state 87
    '*'                   shift, and go to state 88
    '+'                   shift, and go to state 89
    '-'                   shift, and go to state 90
    '~'                   shift, and go to state 91
    '!'                   shift, and go to state 92

    primary_expression         go to state 93
    f_string_expression        go to state 94
    constant                   go to state 95
    string                     go to state 96
    generic_selection          go to state 97
    postfix_expression         go to state 98
    unary_expression           go to state 154
    unary_operator             go to state 100
    cast_expression            go to state 101
    multiplicative_expression  go to state 102
    additive_expression        go to state 103
    shift_expression           go to state 104
    concatenation_expression   go to state 105
    relational_expression      go to state 106
    equality_expression        go to state 107
    and_expression             go to state 108
    exclusive_or_expression    go to state 109
    inclusive_or_expression    go to state 110
    logical_and_expression     go to state 111
    logical_or_expression      go to state 112
    conditional_expression     go to state 155
    assignment_expression      go to state 430


State 383

  218 direct_abstract_declarator: '[' type_qualifier_list ']' •

    $default  reduce using rule 218 (direct_abstract_declarator)


State 384

  217 direct_abstract_declarator: '[' type_qualifier_list assignment_expression • ']'

    ']'  shift, and go to state 431


State 385

  230 direct_abstract_declarator: direct_abstract_declarator '(' ')' •

    $default  reduce using rule 230 (direct_abstract_declarator)


State 386

  231 direct_abstract_declarator: direct_abstract_declarator '(' parameter_type_list • ')'

    ')'  shift, and go to state 432


State 387

  222 direct_abstract_declarator: direct_abstract_declarator '[' STATIC • type_qualifier_list assignment_expression ']'
  223                           | direct_abstract_declarator '[' STATIC • assignment_expression ']'

    IDENTIFIER            shift, and go to state 74
    I_CONSTANT            shift, and go to state 75
    F_CONSTANT            shift, and go to state 76
    STRING_LITERAL        shift, and go to state 77
    FUNC_NAME             shift, and go to state 78
    SIZEOF                shift, and go to state 79
    INC_OP                shift, and go to state 80
    DEC_OP                shift, and go to state 81
    ENUMERATION_CONSTANT  shift, and go to state 82
    CONST                 shift, and go to state 8
    RESTRICT              shift, and go to state 9
    VOLATILE              shift, and go to state 10
    ALIGNOF               shift, and go to state 83
    ATOMIC                shift, and go to state 122
    GENERIC               shift, and go to state 84
    FSTRING_START         shift, and go to state 85
    '('                   shift, and go to state 86
    '&'                   shift, and go to state 87
    '*'                   shift, and go to state 88
    '+'                   shift, and go to state 89
    '-'                   shift, and go to state 90
    '~'                   shift, and go to state 91
    '!'                   shift, and go to state 92

    primary_expression         go to state 93
    f_string_expression        go to state 94
    constant                   go to state 95
    string                     go to state 96
    generic_selection          go to state 97
    postfix_expression         go to state 98
    unary_expression           go to state 154
    unary_operator             go to state 100
    cast_expression            go to state 101
    multiplicative_expression  go to state 102
    additive_expression        go to state 103
    shift_expression           go to state 104
    concatenation_expression   go to state 105
    relational_expression      go to state 106
    equality_expression        go to state 107
    and_expression             go to state 108
    exclusive_or_expression    go to state 109
    inclusive_or_expression    go to state 110
    logical_and_expression     go to state 111
    logical_or_expression      go to state 112
    conditional_expression     go to state 155
    assignment_expression      go to state 433
    type_qualifier             go to state 123
    type_qualifier_list        go to state 434


State 388

  220 direct_abstract_declarator: direct_abstract_declarator '[' ']' •

    $default  reduce using rule 220 (direct_abstract_declarator)


State 389

   43 unary_operator: '*' •
  221 direct_abstract_declarator: direct_abstract_declarator '[' '*' • ']'

    ']'  shift, and go to state 435

    $default  reduce using rule 43 (unary_operator)


State 390

  227 direct_abstract_declarator: direct_abstract_declarator '[' assignment_expression • ']'

    ']'  shift, and go to state 436


State 391

  196 type_qualifier_list: type_qualifier_list • type_qualifier
  224 direct_abstract_declarator: direct_abstract_declarator '[' type_qualifier_list • assignment_expression ']'
  225                           | direct_abstract_declarator '[' type_qualifier_list • STATIC assignment_expression ']'
  226                           | direct_abstract_declarator '[' type_qualifier_list • ']'

    IDENTIFIER            shift, and go to state 74
    I_CONSTANT            shift, and go to state 75
    F_CONSTANT            shift, and go to state 76
    STRING_LITERAL        shift, and go to state 77
    FUNC_NAME             shift, and go to state 78
    SIZEOF                shift, and go to state 79
    INC_OP                shift, and go to state 80
    DEC_OP                shift, and go to state 81
    ENUMERATION_CONSTANT  shift, and go to state 82
    STATIC                shift, and go to state 437
    CONST                 shift, and go to state 8
    RESTRICT              shift, and go to state 9
    VOLATILE              shift, and go to state 10
    ALIGNOF               shift, and go to state 83
    ATOMIC                shift, and go to state 122
    GENERIC               shift, and go to state 84
    FSTRING_START         shift, and go to state 85
    '('                   shift, and go to state 86
    ']'                   shift, and go to state 438
    '&'                   shift, and go to state 87
    '*'                   shift, and go to state 88
    '+'                   shift, and go to state 89
    '-'                   shift, and go to state 90
    '~'                   shift, and go to state 91
    '!'                   shift, and go to state 92

    primary_expression         go to state 93
    f_string_expression        go to state 94
    constant                   go to state 95
    string                     go to state 96
    generic_selection          go to state 97
    postfix_expression         go to state 98
    unary_expression           go to state 154
    unary_operator             go to state 100
    cast_expression            go to state 101
    multiplicative_expression  go to state 102
    additive_expression        go to state 103
    shift_expression           go to state 104
    concatenation_expression   go to state 105
    relational_expression      go to state 106
    equality_expression        go to state 107
    and_expression             go to state 108
    exclusive_or_expression    go to state 109
    inclusive_or_expression    go to state 110
    logical_and_expression     go to state 111
    logical_or_expression      go to state 112
    conditional_expression     go to state 155
    assignment_expression      go to state 439
    type_qualifier             go to state 198


State 392

  244 static_assert_declaration: STATIC_ASSERT '(' constant_expression ',' STRING_LITERAL ')' • ';'

    ';'  shift, and go to state 440


State 393

  251 labeled_statement: IDENTIFIER ':' statement •

    $default  reduce using rule 251 (labeled_statement)


State 394

  252 labeled_statement: CASE constant_expression ':' • statement

    IDENTIFIER            shift, and go to state 202
    I_CONSTANT            shift, and go to state 75
    F_CONSTANT            shift, and go to state 76
    STRING_LITERAL        shift, and go to state 77
    FUNC_NAME             shift, and go to state 78
    SIZEOF                shift, and go to state 79
    INC_OP                shift, and go to state 80
    DEC_OP                shift, and go to state 81
    ENUMERATION_CONSTANT  shift, and go to state 82
    CASE                  shift, and go to state 203
    DEFAULT               shift, and go to state 204
    IF                    shift, and go to state 205
    SWITCH                shift, and go to state 206
    WHILE                 shift, and go to state 207
    DO                    shift, and go to state 208
    FOR                   shift, and go to state 209
    GOTO                  shift, and go to state 210
    CONTINUE              shift, and go to state 211
    BREAK                 shift, and go to state 212
    RETURN                shift, and go to state 213
    ALIGNOF               shift, and go to state 83
    GENERIC               shift, and go to state 84
    FSTRING_START         shift, and go to state 85
    '('                   shift, and go to state 86
    '{'                   shift, and go to state 128
    '&'                   shift, and go to state 87
    '*'                   shift, and go to state 88
    '+'                   shift, and go to state 89
    '-'                   shift, and go to state 90
    '~'                   shift, and go to state 91
    '!'                   shift, and go to state 92
    ';'                   shift, and go to state 215

    primary_expression         go to state 93
    f_string_expression        go to state 94
    constant                   go to state 95
    string                     go to state 96
    generic_selection          go to state 97
    postfix_expression         go to state 98
    unary_expression           go to state 154
    unary_operator             go to state 100
    cast_expression            go to state 101
    multiplicative_expression  go to state 102
    additive_expression        go to state 103
    shift_expression           go to state 104
    concatenation_expression   go to state 105
    relational_expression      go to state 106
    equality_expression        go to state 107
    and_expression             go to state 108
    exclusive_or_expression    go to state 109
    inclusive_or_expression    go to state 110
    logical_and_expression     go to state 111
    logical_or_expression      go to state 112
    conditional_expression     go to state 155
    assignment_expression      go to state 156
    expression                 go to state 216
    statement                  go to state 441
    labeled_statement          go to state 219
    compound_statement         go to state 220
    expression_statement       go to state 223
    selection_statement        go to state 224
    iteration_statement        go to state 225
    jump_statement             go to state 226


State 395

  253 labeled_statement: DEFAULT ':' statement •

    $default  reduce using rule 253 (labeled_statement)


State 396

   96 expression: expression • ',' assignment_expression
  263 selection_statement: IF '(' expression • ')' statement ELSE $@2 statement
  264                    | IF '(' expression • ')' statement

    ')'  shift, and go to state 442
    ','  shift, and go to state 279


State 397

   96 expression: expression • ',' assignment_expression
  265 selection_statement: SWITCH '(' expression • ')' statement

    ')'  shift, and go to state 443
    ','  shift, and go to state 279


State 398

   96 expression: expression • ',' assignment_expression
  266 iteration_statement: WHILE '(' expression • ')' statement

    ')'  shift, and go to state 444
    ','  shift, and go to state 279


State 399

  267 iteration_statement: DO statement WHILE • '(' expression ')' ';'

    '('  shift, and go to state 445


State 400

  270 iteration_statement: FOR '(' declaration • expression_statement ')' statement
  271                    | FOR '(' declaration • expression_statement expression ')' statement

    IDENTIFIER            shift, and go to state 74
    I_CONSTANT            shift, and go to state 75
    F_CONSTANT            shift, and go to state 76
    STRING_LITERAL        shift, and go to state 77
    FUNC_NAME             shift, and go to state 78
    SIZEOF                shift, and go to state 79
    INC_OP                shift, and go to state 80
    DEC_OP                shift, and go to state 81
    ENUMERATION_CONSTANT  shift, and go to state 82
    ALIGNOF               shift, and go to state 83
    GENERIC               shift, and go to state 84
    FSTRING_START         shift, and go to state 85
    '('                   shift, and go to state 86
    '&'                   shift, and go to state 87
    '*'                   shift, and go to state 88
    '+'                   shift, and go to state 89
    '-'                   shift, and go to state 90
    '~'                   shift, and go to state 91
    '!'                   shift, and go to state 92
    ';'                   shift, and go to state 215

    primary_expression         go to state 93
    f_string_expression        go to state 94
    constant                   go to state 95
    string                     go to state 96
    generic_selection          go to state 97
    postfix_expression         go to state 98
    unary_expression           go to state 154
    unary_operator             go to state 100
    cast_expression            go to state 101
    multiplicative_expression  go to state 102
    additive_expression        go to state 103
    shift_expression           go to state 104
    concatenation_expression   go to state 105
    relational_expression      go to state 106
    equality_expression        go to state 107
    and_expression             go to state 108
    exclusive_or_expression    go to state 109
    inclusive_or_expression    go to state 110
    logical_and_expression     go to state 111
    logical_or_expression      go to state 112
    conditional_expression     go to state 155
    assignment_expression      go to state 156
    expression                 go to state 216
    expression_statement       go to state 446


State 401

  268 iteration_statement: FOR '(' expression_statement • expression_statement ')' statement
  269                    | FOR '(' expression_statement • expression_statement expression ')' statement

    IDENTIFIER            shift, and go to state 74
    I_CONSTANT            shift, and go to state 75
    F_CONSTANT            shift, and go to state 76
    STRING_LITERAL        shift, and go to state 77
    FUNC_NAME             shift, and go to state 78
    SIZEOF                shift, and go to state 79
    INC_OP                shift, and go to state 80
    DEC_OP                shift, and go to state 81
    ENUMERATION_CONSTANT  shift, and go to state 82
    ALIGNOF               shift, and go to state 83
    GENERIC               shift, and go to state 84
    FSTRING_START         shift, and go to state 85
    '('                   shift, and go to state 86
    '&'                   shift, and go to state 87
    '*'                   shift, and go to state 88
    '+'                   shift, and go to state 89
    '-'                   shift, and go to state 90
    '~'                   shift, and go to state 91
    '!'                   shift, and go to state 92
    ';'                   shift, and go to state 215

    primary_expression         go to state 93
    f_string_expression        go to state 94
    constant                   go to state 95
    string                     go to state 96
    generic_selection          go to state 97
    postfix_expression         go to state 98
    unary_expression           go to state 154
    unary_operator             go to state 100
    cast_expression            go to state 101
    multiplicative_expression  go to state 102
    additive_expression        go to state 103
    shift_expression           go to state 104
    concatenation_expression   go to state 105
    relational_expression      go to state 106
    equality_expression        go to state 107
    and_expression             go to state 108
    exclusive_or_expression    go to state 109
    inclusive_or_expression    go to state 110
    logical_and_expression     go to state 111
    logical_or_expression      go to state 112
    conditional_expression     go to state 155
    assignment_expression      go to state 156
    expression                 go to state 216
    expression_statement       go to state 447


State 402

  272 jump_statement: GOTO IDENTIFIER ';' •

    $default  reduce using rule 272 (jump_statement)


State 403

  276 jump_statement: RETURN expression ';' •

    $default  reduce using rule 276 (jump_statement)


State 404

  242 designator: '[' constant_expression • ']'

    ']'  shift, and go to state 448


State 405

  243 designator: '.' IDENTIFIER •

    $default  reduce using rule 243 (designator)


State 406

  233 initializer: '{' initializer_list ',' • '}'
  237 initializer_list: initializer_list ',' • designation initializer
  238                 | initializer_list ',' • initializer

    IDENTIFIER            shift, and go to state 74
    I_CONSTANT            shift, and go to state 75
    F_CONSTANT            shift, and go to state 76
    STRING_LITERAL        shift, and go to state 77
    FUNC_NAME             shift, and go to state 78
    SIZEOF                shift, and go to state 79
    INC_OP                shift, and go to state 80
    DEC_OP                shift, and go to state 81
    ENUMERATION_CONSTANT  shift, and go to state 82
    ALIGNOF               shift, and go to state 83
    GENERIC               shift, and go to state 84
    FSTRING_START         shift, and go to state 85
    '('                   shift, and go to state 86
    '['                   shift, and go to state 335
    '.'                   shift, and go to state 336
    '{'                   shift, and go to state 227
    '}'                   shift, and go to state 449
    '&'                   shift, and go to state 87
    '*'                   shift, and go to state 88
    '+'                   shift, and go to state 89
    '-'                   shift, and go to state 90
    '~'                   shift, and go to state 91
    '!'                   shift, and go to state 92

    primary_expression         go to state 93
    f_string_expression        go to state 94
    constant                   go to state 95
    string                     go to state 96
    generic_selection          go to state 97
    postfix_expression         go to state 98
    unary_expression           go to state 154
    unary_operator             go to state 100
    cast_expression            go to state 101
    multiplicative_expression  go to state 102
    additive_expression        go to state 103
    shift_expression           go to state 104
    concatenation_expression   go to state 105
    relational_expression      go to state 106
    equality_expression        go to state 107
    and_expression             go to state 108
    exclusive_or_expression    go to state 109
    inclusive_or_expression    go to state 110
    logical_and_expression     go to state 111
    logical_or_expression      go to state 112
    conditional_expression     go to state 155
    assignment_expression      go to state 228
    initializer                go to state 450
    designation                go to state 451
    designator_list            go to state 340
    designator                 go to state 341


State 407

  232 initializer: '{' initializer_list '}' •

    $default  reduce using rule 232 (initializer)


State 408

  235 initializer_list: designation initializer •

    $default  reduce using rule 235 (initializer_list)


State 409

  239 designation: designator_list '=' •

    $default  reduce using rule 239 (designation)


State 410

  241 designator_list: designator_list designator •

    $default  reduce using rule 241 (designator_list)


State 411

  197 parameter_type_list: parameter_list ',' ELLIPSIS •

    $default  reduce using rule 197 (parameter_type_list)


State 412

  200 parameter_list: parameter_list ',' parameter_declaration •

    $default  reduce using rule 200 (parameter_list)


State 413

  205 identifier_list: identifier_list ',' IDENTIFIER •

    $default  reduce using rule 205 (identifier_list)


State 414

  182 direct_declarator: direct_declarator '[' STATIC assignment_expression ']' •

    $default  reduce using rule 182 (direct_declarator)


State 415

  181 direct_declarator: direct_declarator '[' STATIC type_qualifier_list assignment_expression • ']'

    ']'  shift, and go to state 452


State 416

  184 direct_declarator: direct_declarator '[' type_qualifier_list STATIC assignment_expression • ']'

    ']'  shift, and go to state 453


State 417

  183 direct_declarator: direct_declarator '[' type_qualifier_list '*' ']' •

    $default  reduce using rule 183 (direct_declarator)


State 418

  185 direct_declarator: direct_declarator '[' type_qualifier_list assignment_expression ']' •

    $default  reduce using rule 185 (direct_declarator)


State 419

  152 struct_declarator_list: struct_declarator_list ',' struct_declarator •

    $default  reduce using rule 152 (struct_declarator_list)


State 420

  154 struct_declarator: declarator ':' constant_expression •

    $default  reduce using rule 154 (struct_declarator)


State 421

   22 generic_association: DEFAULT • ':' assignment_expression

    ':'  shift, and go to state 454


State 422

   18 generic_selection: GENERIC '(' assignment_expression ',' generic_assoc_list • ')'
   20 generic_assoc_list: generic_assoc_list • ',' generic_association

    ')'  shift, and go to state 455
    ','  shift, and go to state 456


State 423

   19 generic_assoc_list: generic_association •

    $default  reduce using rule 19 (generic_assoc_list)


State 424

   21 generic_association: type_name • ':' assignment_expression

    ':'  shift, and go to state 457


State 425

   11 interpolation_block: INTERPOLATION_START expression INTERPOLATION_END •

    $default  reduce using rule 11 (interpolation_block)


State 426

   31 postfix_expression: '(' type_name ')' '{' initializer_list • '}'
   32                   | '(' type_name ')' '{' initializer_list • ',' '}'
  237 initializer_list: initializer_list • ',' designation initializer
  238                 | initializer_list • ',' initializer

    ','  shift, and go to state 458
    '}'  shift, and go to state 459


State 427

   34 argument_expression_list: argument_expression_list ',' assignment_expression •

    $default  reduce using rule 34 (argument_expression_list)


State 428

  215 direct_abstract_declarator: '[' STATIC assignment_expression ']' •

    $default  reduce using rule 215 (direct_abstract_declarator)


State 429

  214 direct_abstract_declarator: '[' STATIC type_qualifier_list assignment_expression • ']'

    ']'  shift, and go to state 460


State 430

  216 direct_abstract_declarator: '[' type_qualifier_list STATIC assignment_expression • ']'

    ']'  shift, and go to state 461


State 431

  217 direct_abstract_declarator: '[' type_qualifier_list assignment_expression ']' •

    $default  reduce using rule 217 (direct_abstract_declarator)


State 432

  231 direct_abstract_declarator: direct_abstract_declarator '(' parameter_type_list ')' •

    $default  reduce using rule 231 (direct_abstract_declarator)


State 433

  223 direct_abstract_declarator: direct_abstract_declarator '[' STATIC assignment_expression • ']'

    ']'  shift, and go to state 462


State 434

  196 type_qualifier_list: type_qualifier_list • type_qualifier
  222 direct_abstract_declarator: direct_abstract_declarator '[' STATIC type_qualifier_list • assignment_expression ']'

    IDENTIFIER            shift, and go to state 74
    I_CONSTANT            shift, and go to state 75
    F_CONSTANT            shift, and go to state 76
    STRING_LITERAL        shift, and go to state 77
    FUNC_NAME             shift, and go to state 78
    SIZEOF                shift, and go to state 79
    INC_OP                shift, and go to state 80
    DEC_OP                shift, and go to state 81
    ENUMERATION_CONSTANT  shift, and go to state 82
    CONST                 shift, and go to state 8
    RESTRICT              shift, and go to state 9
    VOLATILE              shift, and go to state 10
    ALIGNOF               shift, and go to state 83
    ATOMIC                shift, and go to state 122
    GENERIC               shift, and go to state 84
    FSTRING_START         shift, and go to state 85
    '('                   shift, and go to state 86
    '&'                   shift, and go to state 87
    '*'                   shift, and go to state 88
    '+'                   shift, and go to state 89
    '-'                   shift, and go to state 90
    '~'                   shift, and go to state 91
    '!'                   shift, and go to state 92

    primary_expression         go to state 93
    f_string_expression        go to state 94
    constant                   go to state 95
    string                     go to state 96
    generic_selection          go to state 97
    postfix_expression         go to state 98
    unary_expression           go to state 154
    unary_operator             go to state 100
    cast_expression            go to state 101
    multiplicative_expression  go to state 102
    additive_expression        go to state 103
    shift_expression           go to state 104
    concatenation_expression   go to state 105
    relational_expression      go to state 106
    equality_expression        go to state 107
    and_expression             go to state 108
    exclusive_or_expression    go to state 109
    inclusive_or_expression    go to state 110
    logical_and_expression     go to state 111
    logical_or_expression      go to state 112
    conditional_expression     go to state 155
    assignment_expression      go to state 463
    type_qualifier             go to state 198


State 435

  221 direct_abstract_declarator: direct_abstract_declarator '[' '*' ']' •

    $default  reduce using rule 221 (direct_abstract_declarator)


State 436

  227 direct_abstract_declarator: direct_abstract_declarator '[' assignment_expression ']' •

    $default  reduce using rule 227 (direct_abstract_declarator)


State 437

  225 direct_abstract_declarator: direct_abstract_declarator '[' type_qualifier_list STATIC • assignment_expression ']'

    IDENTIFIER            shift, and go to state 74
    I_CONSTANT            shift, and go to state 75
    F_CONSTANT            shift, and go to state 76
    STRING_LITERAL        shift, and go to state 77
    FUNC_NAME             shift, and go to state 78
    SIZEOF                shift, and go to state 79
    INC_OP                shift, and go to state 80
    DEC_OP                shift, and go to state 81
    ENUMERATION_CONSTANT  shift, and go to state 82
    ALIGNOF               shift, and go to state 83
    GENERIC               shift, and go to state 84
    FSTRING_START         shift, and go to state 85
    '('                   shift, and go to state 86
    '&'                   shift, and go to state 87
    '*'                   shift, and go to state 88
    '+'                   shift, and go to state 89
    '-'                   shift, and go to state 90
    '~'                   shift, and go to state 91
    '!'                   shift, and go to state 92

    primary_expression         go to state 93
    f_string_expression        go to state 94
    constant                   go to state 95
    string                     go to state 96
    generic_selection          go to state 97
    postfix_expression         go to state 98
    unary_expression           go to state 154
    unary_operator             go to state 100
    cast_expression            go to state 101
    multiplicative_expression  go to state 102
    additive_expression        go to state 103
    shift_expression           go to state 104
    concatenation_expression   go to state 105
    relational_expression      go to state 106
    equality_expression        go to state 107
    and_expression             go to state 108
    exclusive_or_expression    go to state 109
    inclusive_or_expression    go to state 110
    logical_and_expression     go to state 111
    logical_or_expression      go to state 112
    conditional_expression     go to state 155
    assignment_expression      go to state 464


State 438

  226 direct_abstract_declarator: direct_abstract_declarator '[' type_qualifier_list ']' •

    $default  reduce using rule 226 (direct_abstract_declarator)


State 439

  224 direct_abstract_declarator: direct_abstract_declarator '[' type_qualifier_list assignment_expression • ']'

    ']'  shift, and go to state 465


State 440

  244 static_assert_declaration: STATIC_ASSERT '(' constant_expression ',' STRING_LITERAL ')' ';' •

    $default  reduce using rule 244 (static_assert_declaration)


State 441

  252 labeled_statement: CASE constant_expression ':' statement •

    $default  reduce using rule 252 (labeled_statement)


State 442

  263 selection_statement: IF '(' expression ')' • statement ELSE $@2 statement
  264                    | IF '(' expression ')' • statement

    IDENTIFIER            shift, and go to state 202
    I_CONSTANT            shift, and go to state 75
    F_CONSTANT            shift, and go to state 76
    STRING_LITERAL        shift, and go to state 77
    FUNC_NAME             shift, and go to state 78
    SIZEOF                shift, and go to state 79
    INC_OP                shift, and go to state 80
    DEC_OP                shift, and go to state 81
    ENUMERATION_CONSTANT  shift, and go to state 82
    CASE                  shift, and go to state 203
    DEFAULT               shift, and go to state 204
    IF                    shift, and go to state 205
    SWITCH                shift, and go to state 206
    WHILE                 shift, and go to state 207
    DO                    shift, and go to state 208
    FOR                   shift, and go to state 209
    GOTO                  shift, and go to state 210
    CONTINUE              shift, and go to state 211
    BREAK                 shift, and go to state 212
    RETURN                shift, and go to state 213
    ALIGNOF               shift, and go to state 83
    GENERIC               shift, and go to state 84
    FSTRING_START         shift, and go to state 85
    '('                   shift, and go to state 86
    '{'                   shift, and go to state 128
    '&'                   shift, and go to state 87
    '*'                   shift, and go to state 88
    '+'                   shift, and go to state 89
    '-'                   shift, and go to state 90
    '~'                   shift, and go to state 91
    '!'                   shift, and go to state 92
    ';'                   shift, and go to state 215

    primary_expression         go to state 93
    f_string_expression        go to state 94
    constant                   go to state 95
    string                     go to state 96
    generic_selection          go to state 97
    postfix_expression         go to state 98
    unary_expression           go to state 154
    unary_operator             go to state 100
    cast_expression            go to state 101
    multiplicative_expression  go to state 102
    additive_expression        go to state 103
    shift_expression           go to state 104
    concatenation_expression   go to state 105
    relational_expression      go to state 106
    equality_expression        go to state 107
    and_expression             go to state 108
    exclusive_or_expression    go to state 109
    inclusive_or_expression    go to state 110
    logical_and_expression     go to state 111
    logical_or_expression      go to state 112
    conditional_expression     go to state 155
    assignment_expression      go to state 156
    expression                 go to state 216
    statement                  go to state 466
    labeled_statement          go to state 219
    compound_statement         go to state 220
    expression_statement       go to state 223
    selection_statement        go to state 224
    iteration_statement        go to state 225
    jump_statement             go to state 226


State 443

  265 selection_statement: SWITCH '(' expression ')' • statement

    IDENTIFIER            shift, and go to state 202
    I_CONSTANT            shift, and go to state 75
    F_CONSTANT            shift, and go to state 76
    STRING_LITERAL        shift, and go to state 77
    FUNC_NAME             shift, and go to state 78
    SIZEOF                shift, and go to state 79
    INC_OP                shift, and go to state 80
    DEC_OP                shift, and go to state 81
    ENUMERATION_CONSTANT  shift, and go to state 82
    CASE                  shift, and go to state 203
    DEFAULT               shift, and go to state 204
    IF                    shift, and go to state 205
    SWITCH                shift, and go to state 206
    WHILE                 shift, and go to state 207
    DO                    shift, and go to state 208
    FOR                   shift, and go to state 209
    GOTO                  shift, and go to state 210
    CONTINUE              shift, and go to state 211
    BREAK                 shift, and go to state 212
    RETURN                shift, and go to state 213
    ALIGNOF               shift, and go to state 83
    GENERIC               shift, and go to state 84
    FSTRING_START         shift, and go to state 85
    '('                   shift, and go to state 86
    '{'                   shift, and go to state 128
    '&'                   shift, and go to state 87
    '*'                   shift, and go to state 88
    '+'                   shift, and go to state 89
    '-'                   shift, and go to state 90
    '~'                   shift, and go to state 91
    '!'                   shift, and go to state 92
    ';'                   shift, and go to state 215

    primary_expression         go to state 93
    f_string_expression        go to state 94
    constant                   go to state 95
    string                     go to state 96
    generic_selection          go to state 97
    postfix_expression         go to state 98
    unary_expression           go to state 154
    unary_operator             go to state 100
    cast_expression            go to state 101
    multiplicative_expression  go to state 102
    additive_expression        go to state 103
    shift_expression           go to state 104
    concatenation_expression   go to state 105
    relational_expression      go to state 106
    equality_expression        go to state 107
    and_expression             go to state 108
    exclusive_or_expression    go to state 109
    inclusive_or_expression    go to state 110
    logical_and_expression     go to state 111
    logical_or_expression      go to state 112
    conditional_expression     go to state 155
    assignment_expression      go to state 156
    expression                 go to state 216
    statement                  go to state 467
    labeled_statement          go to state 219
    compound_statement         go to state 220
    expression_statement       go to state 223
    selection_statement        go to state 224
    iteration_statement        go to state 225
    jump_statement             go to state 226


State 444

  266 iteration_statement: WHILE '(' expression ')' • statement

    IDENTIFIER            shift, and go to state 202
    I_CONSTANT            shift, and go to state 75
    F_CONSTANT            shift, and go to state 76
    STRING_LITERAL        shift, and go to state 77
    FUNC_NAME             shift, and go to state 78
    SIZEOF                shift, and go to state 79
    INC_OP                shift, and go to state 80
    DEC_OP                shift, and go to state 81
    ENUMERATION_CONSTANT  shift, and go to state 82
    CASE                  shift, and go to state 203
    DEFAULT               shift, and go to state 204
    IF                    shift, and go to state 205
    SWITCH                shift, and go to state 206
    WHILE                 shift, and go to state 207
    DO                    shift, and go to state 208
    FOR                   shift, and go to state 209
    GOTO                  shift, and go to state 210
    CONTINUE              shift, and go to state 211
    BREAK                 shift, and go to state 212
    RETURN                shift, and go to state 213
    ALIGNOF               shift, and go to state 83
    GENERIC               shift, and go to state 84
    FSTRING_START         shift, and go to state 85
    '('                   shift, and go to state 86
    '{'                   shift, and go to state 128
    '&'                   shift, and go to state 87
    '*'                   shift, and go to state 88
    '+'                   shift, and go to state 89
    '-'                   shift, and go to state 90
    '~'                   shift, and go to state 91
    '!'                   shift, and go to state 92
    ';'                   shift, and go to state 215

    primary_expression         go to state 93
    f_string_expression        go to state 94
    constant                   go to state 95
    string                     go to state 96
    generic_selection          go to state 97
    postfix_expression         go to state 98
    unary_expression           go to state 154
    unary_operator             go to state 100
    cast_expression            go to state 101
    multiplicative_expression  go to state 102
    additive_expression        go to state 103
    shift_expression           go to state 104
    concatenation_expression   go to state 105
    relational_expression      go to state 106
    equality_expression        go to state 107
    and_expression             go to state 108
    exclusive_or_expression    go to state 109
    inclusive_or_expression    go to state 110
    logical_and_expression     go to state 111
    logical_or_expression      go to state 112
    conditional_expression     go to state 155
    assignment_expression      go to state 156
    expression                 go to state 216
    statement                  go to state 468
    labeled_statement          go to state 219
    compound_statement         go to state 220
    expression_statement       go to state 223
    selection_statement        go to state 224
    iteration_statement        go to state 225
    jump_statement             go to state 226


State 445

  267 iteration_statement: DO statement WHILE '(' • expression ')' ';'

    IDENTIFIER            shift, and go to state 74
    I_CONSTANT            shift, and go to state 75
    F_CONSTANT            shift, and go to state 76
    STRING_LITERAL        shift, and go to state 77
    FUNC_NAME             shift, and go to state 78
    SIZEOF                shift, and go to state 79
    INC_OP                shift, and go to state 80
    DEC_OP                shift, and go to state 81
    ENUMERATION_CONSTANT  shift, and go to state 82
    ALIGNOF               shift, and go to state 83
    GENERIC               shift, and go to state 84
    FSTRING_START         shift, and go to state 85
    '('                   shift, and go to state 86
    '&'                   shift, and go to state 87
    '*'                   shift, and go to state 88
    '+'                   shift, and go to state 89
    '-'                   shift, and go to state 90
    '~'                   shift, and go to state 91
    '!'                   shift, and go to state 92

    primary_expression         go to state 93
    f_string_expression        go to state 94
    constant                   go to state 95
    string                     go to state 96
    generic_selection          go to state 97
    postfix_expression         go to state 98
    unary_expression           go to state 154
    unary_operator             go to state 100
    cast_expression            go to state 101
    multiplicative_expression  go to state 102
    additive_expression        go to state 103
    shift_expression           go to state 104
    concatenation_expression   go to state 105
    relational_expression      go to state 106
    equality_expression        go to state 107
    and_expression             go to state 108
    exclusive_or_expression    go to state 109
    inclusive_or_expression    go to state 110
    logical_and_expression     go to state 111
    logical_or_expression      go to state 112
    conditional_expression     go to state 155
    assignment_expression      go to state 156
    expression                 go to state 469


State 446

  270 iteration_statement: FOR '(' declaration expression_statement • ')' statement
  271                    | FOR '(' declaration expression_statement • expression ')' statement

    IDENTIFIER            shift, and go to state 74
    I_CONSTANT            shift, and go to state 75
    F_CONSTANT            shift, and go to state 76
    STRING_LITERAL        shift, and go to state 77
    FUNC_NAME             shift, and go to state 78
    SIZEOF                shift, and go to state 79
    INC_OP                shift, and go to state 80
    DEC_OP                shift, and go to state 81
    ENUMERATION_CONSTANT  shift, and go to state 82
    ALIGNOF               shift, and go to state 83
    GENERIC               shift, and go to state 84
    FSTRING_START         shift, and go to state 85
    '('                   shift, and go to state 86
    ')'                   shift, and go to state 470
    '&'                   shift, and go to state 87
    '*'                   shift, and go to state 88
    '+'                   shift, and go to state 89
    '-'                   shift, and go to state 90
    '~'                   shift, and go to state 91
    '!'                   shift, and go to state 92

    primary_expression         go to state 93
    f_string_expression        go to state 94
    constant                   go to state 95
    string                     go to state 96
    generic_selection          go to state 97
    postfix_expression         go to state 98
    unary_expression           go to state 154
    unary_operator             go to state 100
    cast_expression            go to state 101
    multiplicative_expression  go to state 102
    additive_expression        go to state 103
    shift_expression           go to state 104
    concatenation_expression   go to state 105
    relational_expression      go to state 106
    equality_expression        go to state 107
    and_expression             go to state 108
    exclusive_or_expression    go to state 109
    inclusive_or_expression    go to state 110
    logical_and_expression     go to state 111
    logical_or_expression      go to state 112
    conditional_expression     go to state 155
    assignment_expression      go to state 156
    expression                 go to state 471


State 447

  268 iteration_statement: FOR '(' expression_statement expression_statement • ')' statement
  269                    | FOR '(' expression_statement expression_statement • expression ')' statement

    IDENTIFIER            shift, and go to state 74
    I_CONSTANT            shift, and go to state 75
    F_CONSTANT            shift, and go to state 76
    STRING_LITERAL        shift, and go to state 77
    FUNC_NAME             shift, and go to state 78
    SIZEOF                shift, and go to state 79
    INC_OP                shift, and go to state 80
    DEC_OP                shift, and go to state 81
    ENUMERATION_CONSTANT  shift, and go to state 82
    ALIGNOF               shift, and go to state 83
    GENERIC               shift, and go to state 84
    FSTRING_START         shift, and go to state 85
    '('                   shift, and go to state 86
    ')'                   shift, and go to state 472
    '&'                   shift, and go to state 87
    '*'                   shift, and go to state 88
    '+'                   shift, and go to state 89
    '-'                   shift, and go to state 90
    '~'                   shift, and go to state 91
    '!'                   shift, and go to state 92

    primary_expression         go to state 93
    f_string_expression        go to state 94
    constant                   go to state 95
    string                     go to state 96
    generic_selection          go to state 97
    postfix_expression         go to state 98
    unary_expression           go to state 154
    unary_operator             go to state 100
    cast_expression            go to state 101
    multiplicative_expression  go to state 102
    additive_expression        go to state 103
    shift_expression           go to state 104
    concatenation_expression   go to state 105
    relational_expression      go to state 106
    equality_expression        go to state 107
    and_expression             go to state 108
    exclusive_or_expression    go to state 109
    inclusive_or_expression    go to state 110
    logical_and_expression     go to state 111
    logical_or_expression      go to state 112
    conditional_expression     go to state 155
    assignment_expression      go to state 156
    expression                 go to state 473


State 448

  242 designator: '[' constant_expression ']' •

    $default  reduce using rule 242 (designator)


State 449

  233 initializer: '{' initializer_list ',' '}' •

    $default  reduce using rule 233 (initializer)


State 450

  238 initializer_list: initializer_list ',' initializer •

    $default  reduce using rule 238 (initializer_list)


State 451

  237 initializer_list: initializer_list ',' designation • initializer

    IDENTIFIER            shift, and go to state 74
    I_CONSTANT            shift, and go to state 75
    F_CONSTANT            shift, and go to state 76
    STRING_LITERAL        shift, and go to state 77
    FUNC_NAME             shift, and go to state 78
    SIZEOF                shift, and go to state 79
    INC_OP                shift, and go to state 80
    DEC_OP                shift, and go to state 81
    ENUMERATION_CONSTANT  shift, and go to state 82
    ALIGNOF               shift, and go to state 83
    GENERIC               shift, and go to state 84
    FSTRING_START         shift, and go to state 85
    '('                   shift, and go to state 86
    '{'                   shift, and go to state 227
    '&'                   shift, and go to state 87
    '*'                   shift, and go to state 88
    '+'                   shift, and go to state 89
    '-'                   shift, and go to state 90
    '~'                   shift, and go to state 91
    '!'                   shift, and go to state 92

    primary_expression         go to state 93
    f_string_expression        go to state 94
    constant                   go to state 95
    string                     go to state 96
    generic_selection          go to state 97
    postfix_expression         go to state 98
    unary_expression           go to state 154
    unary_operator             go to state 100
    cast_expression            go to state 101
    multiplicative_expression  go to state 102
    additive_expression        go to state 103
    shift_expression           go to state 104
    concatenation_expression   go to state 105
    relational_expression      go to state 106
    equality_expression        go to state 107
    and_expression             go to state 108
    exclusive_or_expression    go to state 109
    inclusive_or_expression    go to state 110
    logical_and_expression     go to state 111
    logical_or_expression      go to state 112
    conditional_expression     go to state 155
    assignment_expression      go to state 228
    initializer                go to state 474


State 452

  181 direct_declarator: direct_declarator '[' STATIC type_qualifier_list assignment_expression ']' •

    $default  reduce using rule 181 (direct_declarator)


State 453

  184 direct_declarator: direct_declarator '[' type_qualifier_list STATIC assignment_expression ']' •

    $default  reduce using rule 184 (direct_declarator)


State 454

   22 generic_association: DEFAULT ':' • assignment_expression

    IDENTIFIER            shift, and go to state 74
    I_CONSTANT            shift, and go to state 75
    F_CONSTANT            shift, and go to state 76
    STRING_LITERAL        shift, and go to state 77
    FUNC_NAME             shift, and go to state 78
    SIZEOF                shift, and go to state 79
    INC_OP                shift, and go to state 80
    DEC_OP                shift, and go to state 81
    ENUMERATION_CONSTANT  shift, and go to state 82
    ALIGNOF               shift, and go to state 83
    GENERIC               shift, and go to state 84
    FSTRING_START         shift, and go to state 85
    '('                   shift, and go to state 86
    '&'                   shift, and go to state 87
    '*'                   shift, and go to state 88
    '+'                   shift, and go to state 89
    '-'                   shift, and go to state 90
    '~'                   shift, and go to state 91
    '!'                   shift, and go to state 92

    primary_expression         go to state 93
    f_string_expression        go to state 94
    constant                   go to state 95
    string                     go to state 96
    generic_selection          go to state 97
    postfix_expression         go to state 98
    unary_expression           go to state 154
    unary_operator             go to state 100
    cast_expression            go to state 101
    multiplicative_expression  go to state 102
    additive_expression        go to state 103
    shift_expression           go to state 104
    concatenation_expression   go to state 105
    relational_expression      go to state 106
    equality_expression        go to state 107
    and_expression             go to state 108
    exclusive_or_expression    go to state 109
    inclusive_or_expression    go to state 110
    logical_and_expression     go to state 111
    logical_or_expression      go to state 112
    conditional_expression     go to state 155
    assignment_expression      go to state 475


State 455

   18 generic_selection: GENERIC '(' assignment_expression ',' generic_assoc_list ')' •

    $default  reduce using rule 18 (generic_selection)


State 456

   20 generic_assoc_list: generic_assoc_list ',' • generic_association

    TYPEDEF_NAME  shift, and go to state 1
    CONST         shift, and go to state 8
    RESTRICT      shift, and go to state 9
    VOLATILE      shift, and go to state 10
    BOOL          shift, and go to state 11
    CHAR          shift, and go to state 12
    SHORT         shift, and go to state 13
    INT           shift, and go to state 14
    LONG          shift, and go to state 15
    SIGNED        shift, and go to state 16
    UNSIGNED      shift, and go to state 17
    FLOAT         shift, and go to state 18
    DOUBLE        shift, and go to state 19
    VOID          shift, and go to state 20
    COMPLEX       shift, and go to state 21
    IMAGINARY     shift, and go to state 22
    STRUCT        shift, and go to state 23
    UNION         shift, and go to state 24
    ENUM          shift, and go to state 25
    DEFAULT       shift, and go to state 421
    ATOMIC        shift, and go to state 27

    generic_association        go to state 476
    type_specifier             go to state 115
    struct_or_union_specifier  go to state 35
    struct_or_union            go to state 36
    specifier_qualifier_list   go to state 116
    enum_specifier             go to state 37
    atomic_type_specifier      go to state 38
    type_qualifier             go to state 117
    type_name                  go to state 424


State 457

   21 generic_association: type_name ':' • assignment_expression

    IDENTIFIER            shift, and go to state 74
    I_CONSTANT            shift, and go to state 75
    F_CONSTANT            shift, and go to state 76
    STRING_LITERAL        shift, and go to state 77
    FUNC_NAME             shift, and go to state 78
    SIZEOF                shift, and go to state 79
    INC_OP                shift, and go to state 80
    DEC_OP                shift, and go to state 81
    ENUMERATION_CONSTANT  shift, and go to state 82
    ALIGNOF               shift, and go to state 83
    GENERIC               shift, and go to state 84
    FSTRING_START         shift, and go to state 85
    '('                   shift, and go to state 86
    '&'                   shift, and go to state 87
    '*'                   shift, and go to state 88
    '+'                   shift, and go to state 89
    '-'                   shift, and go to state 90
    '~'                   shift, and go to state 91
    '!'                   shift, and go to state 92

    primary_expression         go to state 93
    f_string_expression        go to state 94
    constant                   go to state 95
    string                     go to state 96
    generic_selection          go to state 97
    postfix_expression         go to state 98
    unary_expression           go to state 154
    unary_operator             go to state 100
    cast_expression            go to state 101
    multiplicative_expression  go to state 102
    additive_expression        go to state 103
    shift_expression           go to state 104
    concatenation_expression   go to state 105
    relational_expression      go to state 106
    equality_expression        go to state 107
    and_expression             go to state 108
    exclusive_or_expression    go to state 109
    inclusive_or_expression    go to state 110
    logical_and_expression     go to state 111
    logical_or_expression      go to state 112
    conditional_expression     go to state 155
    assignment_expression      go to state 477


State 458

   32 postfix_expression: '(' type_name ')' '{' initializer_list ',' • '}'
  237 initializer_list: initializer_list ',' • designation initializer
  238                 | initializer_list ',' • initializer

    IDENTIFIER            shift, and go to state 74
    I_CONSTANT            shift, and go to state 75
    F_CONSTANT            shift, and go to state 76
    STRING_LITERAL        shift, and go to state 77
    FUNC_NAME             shift, and go to state 78
    SIZEOF                shift, and go to state 79
    INC_OP                shift, and go to state 80
    DEC_OP                shift, and go to state 81
    ENUMERATION_CONSTANT  shift, and go to state 82
    ALIGNOF               shift, and go to state 83
    GENERIC               shift, and go to state 84
    FSTRING_START         shift, and go to state 85
    '('                   shift, and go to state 86
    '['                   shift, and go to state 335
    '.'                   shift, and go to state 336
    '{'                   shift, and go to state 227
    '}'                   shift, and go to state 478
    '&'                   shift, and go to state 87
    '*'                   shift, and go to state 88
    '+'                   shift, and go to state 89
    '-'                   shift, and go to state 90
    '~'                   shift, and go to state 91
    '!'                   shift, and go to state 92

    primary_expression         go to state 93
    f_string_expression        go to state 94
    constant                   go to state 95
    string                     go to state 96
    generic_selection          go to state 97
    postfix_expression         go to state 98
    unary_expression           go to state 154
    unary_operator             go to state 100
    cast_expression            go to state 101
    multiplicative_expression  go to state 102
    additive_expression        go to state 103
    shift_expression           go to state 104
    concatenation_expression   go to state 105
    relational_expression      go to state 106
    equality_expression        go to state 107
    and_expression             go to state 108
    exclusive_or_expression    go to state 109
    inclusive_or_expression    go to state 110
    logical_and_expression     go to state 111
    logical_or_expression      go to state 112
    conditional_expression     go to state 155
    assignment_expression      go to state 228
    initializer                go to state 450
    designation                go to state 451
    designator_list            go to state 340
    designator                 go to state 341


State 459

   31 postfix_expression: '(' type_name ')' '{' initializer_list '}' •

    $default  reduce using rule 31 (postfix_expression)


State 460

  214 direct_abstract_declarator: '[' STATIC type_qualifier_list assignment_expression ']' •

    $default  reduce using rule 214 (direct_abstract_declarator)


State 461

  216 direct_abstract_declarator: '[' type_qualifier_list STATIC assignment_expression ']' •

    $default  reduce using rule 216 (direct_abstract_declarator)


State 462

  223 direct_abstract_declarator: direct_abstract_declarator '[' STATIC assignment_expression ']' •

    $default  reduce using rule 223 (direct_abstract_declarator)


State 463

  222 direct_abstract_declarator: direct_abstract_declarator '[' STATIC type_qualifier_list assignment_expression • ']'

    ']'  shift, and go to state 479


State 464

  225 direct_abstract_declarator: direct_abstract_declarator '[' type_qualifier_list STATIC assignment_expression • ']'

    ']'  shift, and go to state 480


State 465

  224 direct_abstract_declarator: direct_abstract_declarator '[' type_qualifier_list assignment_expression ']' •

    $default  reduce using rule 224 (direct_abstract_declarator)


State 466

  263 selection_statement: IF '(' expression ')' statement • ELSE $@2 statement
  264                    | IF '(' expression ')' statement •

    ELSE  shift, and go to state 481

    ELSE      [reduce using rule 264 (selection_statement)]
    $default  reduce using rule 264 (selection_statement)


State 467

  265 selection_statement: SWITCH '(' expression ')' statement •

    $default  reduce using rule 265 (selection_statement)


State 468

  266 iteration_statement: WHILE '(' expression ')' statement •

    $default  reduce using rule 266 (iteration_statement)


State 469

   96 expression: expression • ',' assignment_expression
  267 iteration_statement: DO statement WHILE '(' expression • ')' ';'

    ')'  shift, and go to state 482
    ','  shift, and go to state 279


State 470

  270 iteration_statement: FOR '(' declaration expression_statement ')' • statement

    IDENTIFIER            shift, and go to state 202
    I_CONSTANT            shift, and go to state 75
    F_CONSTANT            shift, and go to state 76
    STRING_LITERAL        shift, and go to state 77
    FUNC_NAME             shift, and go to state 78
    SIZEOF                shift, and go to state 79
    INC_OP                shift, and go to state 80
    DEC_OP                shift, and go to state 81
    ENUMERATION_CONSTANT  shift, and go to state 82
    CASE                  shift, and go to state 203
    DEFAULT               shift, and go to state 204
    IF                    shift, and go to state 205
    SWITCH                shift, and go to state 206
    WHILE                 shift, and go to state 207
    DO                    shift, and go to state 208
    FOR                   shift, and go to state 209
    GOTO                  shift, and go to state 210
    CONTINUE              shift, and go to state 211
    BREAK                 shift, and go to state 212
    RETURN                shift, and go to state 213
    ALIGNOF               shift, and go to state 83
    GENERIC               shift, and go to state 84
    FSTRING_START         shift, and go to state 85
    '('                   shift, and go to state 86
    '{'                   shift, and go to state 128
    '&'                   shift, and go to state 87
    '*'                   shift, and go to state 88
    '+'                   shift, and go to state 89
    '-'                   shift, and go to state 90
    '~'                   shift, and go to state 91
    '!'                   shift, and go to state 92
    ';'                   shift, and go to state 215

    primary_expression         go to state 93
    f_string_expression        go to state 94
    constant                   go to state 95
    string                     go to state 96
    generic_selection          go to state 97
    postfix_expression         go to state 98
    unary_expression           go to state 154
    unary_operator             go to state 100
    cast_expression            go to state 101
    multiplicative_expression  go to state 102
    additive_expression        go to state 103
    shift_expression           go to state 104
    concatenation_expression   go to state 105
    relational_expression      go to state 106
    equality_expression        go to state 107
    and_expression             go to state 108
    exclusive_or_expression    go to state 109
    inclusive_or_expression    go to state 110
    logical_and_expression     go to state 111
    logical_or_expression      go to state 112
    conditional_expression     go to state 155
    assignment_expression      go to state 156
    expression                 go to state 216
    statement                  go to state 483
    labeled_statement          go to state 219
    compound_statement         go to state 220
    expression_statement       go to state 223
    selection_statement        go to state 224
    iteration_statement        go to state 225
    jump_statement             go to state 226


State 471

   96 expression: expression • ',' assignment_expression
  271 iteration_statement: FOR '(' declaration expression_statement expression • ')' statement

    ')'  shift, and go to state 484
    ','  shift, and go to state 279


State 472

  268 iteration_statement: FOR '(' expression_statement expression_statement ')' • statement

    IDENTIFIER            shift, and go to state 202
    I_CONSTANT            shift, and go to state 75
    F_CONSTANT            shift, and go to state 76
    STRING_LITERAL        shift, and go to state 77
    FUNC_NAME             shift, and go to state 78
    SIZEOF                shift, and go to state 79
    INC_OP                shift, and go to state 80
    DEC_OP                shift, and go to state 81
    ENUMERATION_CONSTANT  shift, and go to state 82
    CASE                  shift, and go to state 203
    DEFAULT               shift, and go to state 204
    IF                    shift, and go to state 205
    SWITCH                shift, and go to state 206
    WHILE                 shift, and go to state 207
    DO                    shift, and go to state 208
    FOR                   shift, and go to state 209
    GOTO                  shift, and go to state 210
    CONTINUE              shift, and go to state 211
    BREAK                 shift, and go to state 212
    RETURN                shift, and go to state 213
    ALIGNOF               shift, and go to state 83
    GENERIC               shift, and go to state 84
    FSTRING_START         shift, and go to state 85
    '('                   shift, and go to state 86
    '{'                   shift, and go to state 128
    '&'                   shift, and go to state 87
    '*'                   shift, and go to state 88
    '+'                   shift, and go to state 89
    '-'                   shift, and go to state 90
    '~'                   shift, and go to state 91
    '!'                   shift, and go to state 92
    ';'                   shift, and go to state 215

    primary_expression         go to state 93
    f_string_expression        go to state 94
    constant                   go to state 95
    string                     go to state 96
    generic_selection          go to state 97
    postfix_expression         go to state 98
    unary_expression           go to state 154
    unary_operator             go to state 100
    cast_expression            go to state 101
    multiplicative_expression  go to state 102
    additive_expression        go to state 103
    shift_expression           go to state 104
    concatenation_expression   go to state 105
    relational_expression      go to state 106
    equality_expression        go to state 107
    and_expression             go to state 108
    exclusive_or_expression    go to state 109
    inclusive_or_expression    go to state 110
    logical_and_expression     go to state 111
    logical_or_expression      go to state 112
    conditional_expression     go to state 155
    assignment_expression      go to state 156
    expression                 go to state 216
    statement                  go to state 485
    labeled_statement          go to state 219
    compound_statement         go to state 220
    expression_statement       go to state 223
    selection_statement        go to state 224
    iteration_statement        go to state 225
    jump_statement             go to state 226


State 473

   96 expression: expression • ',' assignment_expression
  269 iteration_statement: FOR '(' expression_statement expression_statement expression • ')' statement

    ')'  shift, and go to state 486
    ','  shift, and go to state 279


State 474

  237 initializer_list: initializer_list ',' designation initializer •

    $default  reduce using rule 237 (initializer_list)


State 475

   22 generic_association: DEFAULT ':' assignment_expression •

    $default  reduce using rule 22 (generic_association)


State 476

   20 generic_assoc_list: generic_assoc_list ',' generic_association •

    $default  reduce using rule 20 (generic_assoc_list)


State 477

   21 generic_association: type_name ':' assignment_expression •

    $default  reduce using rule 21 (generic_association)


State 478

   32 postfix_expression: '(' type_name ')' '{' initializer_list ',' '}' •

    $default  reduce using rule 32 (postfix_expression)


State 479

  222 direct_abstract_declarator: direct_abstract_declarator '[' STATIC type_qualifier_list assignment_expression ']' •

    $default  reduce using rule 222 (direct_abstract_declarator)


State 480

  225 direct_abstract_declarator: direct_abstract_declarator '[' type_qualifier_list STATIC assignment_expression ']' •

    $default  reduce using rule 225 (direct_abstract_declarator)


State 481

  263 selection_statement: IF '(' expression ')' statement ELSE • $@2 statement

    $default  reduce using rule 262 ($@2)

    $@2  go to state 487


State 482

  267 iteration_statement: DO statement WHILE '(' expression ')' • ';'

    ';'  shift, and go to state 488


State 483

  270 iteration_statement: FOR '(' declaration expression_statement ')' statement •

    $default  reduce using rule 270 (iteration_statement)


State 484

  271 iteration_statement: FOR '(' declaration expression_statement expression ')' • statement

    IDENTIFIER            shift, and go to state 202
    I_CONSTANT            shift, and go to state 75
    F_CONSTANT            shift, and go to state 76
    STRING_LITERAL        shift, and go to state 77
    FUNC_NAME             shift, and go to state 78
    SIZEOF                shift, and go to state 79
    INC_OP                shift, and go to state 80
    DEC_OP                shift, and go to state 81
    ENUMERATION_CONSTANT  shift, and go to state 82
    CASE                  shift, and go to state 203
    DEFAULT               shift, and go to state 204
    IF                    shift, and go to state 205
    SWITCH                shift, and go to state 206
    WHILE                 shift, and go to state 207
    DO                    shift, and go to state 208
    FOR                   shift, and go to state 209
    GOTO                  shift, and go to state 210
    CONTINUE              shift, and go to state 211
    BREAK                 shift, and go to state 212
    RETURN                shift, and go to state 213
    ALIGNOF               shift, and go to state 83
    GENERIC               shift, and go to state 84
    FSTRING_START         shift, and go to state 85
    '('                   shift, and go to state 86
    '{'                   shift, and go to state 128
    '&'                   shift, and go to state 87
    '*'                   shift, and go to state 88
    '+'                   shift, and go to state 89
    '-'                   shift, and go to state 90
    '~'                   shift, and go to state 91
    '!'                   shift, and go to state 92
    ';'                   shift, and go to state 215

    primary_expression         go to state 93
    f_string_expression        go to state 94
    constant                   go to state 95
    string                     go to state 96
    generic_selection          go to state 97
    postfix_expression         go to state 98
    unary_expression           go to state 154
    unary_operator             go to state 100
    cast_expression            go to state 101
    multiplicative_expression  go to state 102
    additive_expression        go to state 103
    shift_expression           go to state 104
    concatenation_expression   go to state 105
    relational_expression      go to state 106
    equality_expression        go to state 107
    and_expression             go to state 108
    exclusive_or_expression    go to state 109
    inclusive_or_expression    go to state 110
    logical_and_expression     go to state 111
    logical_or_expression      go to state 112
    conditional_expression     go to state 155
    assignment_expression      go to state 156
    expression                 go to state 216
    statement                  go to state 489
    labeled_statement          go to state 219
    compound_statement         go to state 220
    expression_statement       go to state 223
    selection_statement        go to state 224
    iteration_statement        go to state 225
    jump_statement             go to state 226


State 485

  268 iteration_statement: FOR '(' expression_statement expression_statement ')' statement •

    $default  reduce using rule 268 (iteration_statement)


State 486

  269 iteration_statement: FOR '(' expression_statement expression_statement expression ')' • statement

    IDENTIFIER            shift, and go to state 202
    I_CONSTANT            shift, and go to state 75
    F_CONSTANT            shift, and go to state 76
    STRING_LITERAL        shift, and go to state 77
    FUNC_NAME             shift, and go to state 78
    SIZEOF                shift, and go to state 79
    INC_OP                shift, and go to state 80
    DEC_OP                shift, and go to state 81
    ENUMERATION_CONSTANT  shift, and go to state 82
    CASE                  shift, and go to state 203
    DEFAULT               shift, and go to state 204
    IF                    shift, and go to state 205
    SWITCH                shift, and go to state 206
    WHILE                 shift, and go to state 207
    DO                    shift, and go to state 208
    FOR                   shift, and go to state 209
    GOTO                  shift, and go to state 210
    CONTINUE              shift, and go to state 211
    BREAK                 shift, and go to state 212
    RETURN                shift, and go to state 213
    ALIGNOF               shift, and go to state 83
    GENERIC               shift, and go to state 84
    FSTRING_START         shift, and go to state 85
    '('                   shift, and go to state 86
    '{'                   shift, and go to state 128
    '&'                   shift, and go to state 87
    '*'                   shift, and go to state 88
    '+'                   shift, and go to state 89
    '-'                   shift, and go to state 90
    '~'                   shift, and go to state 91
    '!'                   shift, and go to state 92
    ';'                   shift, and go to state 215

    primary_expression         go to state 93
    f_string_expression        go to state 94
    constant                   go to state 95
    string                     go to state 96
    generic_selection          go to state 97
    postfix_expression         go to state 98
    unary_expression           go to state 154
    unary_operator             go to state 100
    cast_expression            go to state 101
    multiplicative_expression  go to state 102
    additive_expression        go to state 103
    shift_expression           go to state 104
    concatenation_expression   go to state 105
    relational_expression      go to state 106
    equality_expression        go to state 107
    and_expression             go to state 108
    exclusive_or_expression    go to state 109
    inclusive_or_expression    go to state 110
    logical_and_expression     go to state 111
    logical_or_expression      go to state 112
    conditional_expression     go to state 155
    assignment_expression      go to state 156
    expression                 go to state 216
    statement                  go to state 490
    labeled_statement          go to state 219
    compound_statement         go to state 220
    expression_statement       go to state 223
    selection_statement        go to state 224
    iteration_statement        go to state 225
    jump_statement             go to state 226


State 487

  263 selection_statement: IF '(' expression ')' statement ELSE $@2 • statement

    IDENTIFIER            shift, and go to state 202
    I_CONSTANT            shift, and go to state 75
    F_CONSTANT            shift, and go to state 76
    STRING_LITERAL        shift, and go to state 77
    FUNC_NAME             shift, and go to state 78
    SIZEOF                shift, and go to state 79
    INC_OP                shift, and go to state 80
    DEC_OP                shift, and go to state 81
    ENUMERATION_CONSTANT  shift, and go to state 82
    CASE                  shift, and go to state 203
    DEFAULT               shift, and go to state 204
    IF                    shift, and go to state 205
    SWITCH                shift, and go to state 206
    WHILE                 shift, and go to state 207
    DO                    shift, and go to state 208
    FOR                   shift, and go to state 209
    GOTO                  shift, and go to state 210
    CONTINUE              shift, and go to state 211
    BREAK                 shift, and go to state 212
    RETURN                shift, and go to state 213
    ALIGNOF               shift, and go to state 83
    GENERIC               shift, and go to state 84
    FSTRING_START         shift, and go to state 85
    '('                   shift, and go to state 86
    '{'                   shift, and go to state 128
    '&'                   shift, and go to state 87
    '*'                   shift, and go to state 88
    '+'                   shift, and go to state 89
    '-'                   shift, and go to state 90
    '~'                   shift, and go to state 91
    '!'                   shift, and go to state 92
    ';'                   shift, and go to state 215

    primary_expression         go to state 93
    f_string_expression        go to state 94
    constant                   go to state 95
    string                     go to state 96
    generic_selection          go to state 97
    postfix_expression         go to state 98
    unary_expression           go to state 154
    unary_operator             go to state 100
    cast_expression            go to state 101
    multiplicative_expression  go to state 102
    additive_expression        go to state 103
    shift_expression           go to state 104
    concatenation_expression   go to state 105
    relational_expression      go to state 106
    equality_expression        go to state 107
    and_expression             go to state 108
    exclusive_or_expression    go to state 109
    inclusive_or_expression    go to state 110
    logical_and_expression     go to state 111
    logical_or_expression      go to state 112
    conditional_expression     go to state 155
    assignment_expression      go to state 156
    expression                 go to state 216
    statement                  go to state 491
    labeled_statement          go to state 219
    compound_statement         go to state 220
    expression_statement       go to state 223
    selection_statement        go to state 224
    iteration_statement        go to state 225
    jump_statement             go to state 226


State 488

  267 iteration_statement: DO statement WHILE '(' expression ')' ';' •

    $default  reduce using rule 267 (iteration_statement)


State 489

  271 iteration_statement: FOR '(' declaration expression_statement expression ')' statement •

    $default  reduce using rule 271 (iteration_statement)


State 490

  269 iteration_statement: FOR '(' expression_statement expression_statement expression ')' statement •

    $default  reduce using rule 269 (iteration_statement)


State 491

  263 selection_statement: IF '(' expression ')' statement ELSE $@2 statement •

    $default  reduce using rule 263 (selection_statement)
